y_test,y_predicted
83.0,86.55
259.0,251.61
342.0,344.2
150.0,148.95
278.0,271.74
485.0,481.08
12.0,14.09
49.0,62.4
127.0,124.8
485.0,485.11
3.0,2.01
368.0,380.44
389.0,382.45
202.0,217.39
259.0,255.64
3.0,2.01
174.0,187.2
395.0,394.53
301.0,297.91
1.0,2.01
426.0,414.66
3.0,2.01
293.0,285.83
116.0,114.73
273.0,261.68
437.0,432.77
141.0,138.89
105.0,112.72
371.0,370.37
207.0,213.37
202.0,217.39
451.0,454.91
20.0,8.05
142.0,148.95
400.0,404.59
337.0,332.13
204.0,219.41
254.0,253.62
161.0,173.11
190.0,197.26
399.0,400.57
13.0,14.09
404.0,408.62
1.0,2.01
83.0,88.57
1.0,2.01
511.0,499.2
253.0,249.6
262.0,257.65
18.0,22.14
414.0,416.67
17.0,2.01
464.0,466.99
75.0,74.48
2.0,2.01
2.0,2.01
253.0,249.6
2.0,2.01
451.0,446.86
493.0,481.08
94.0,86.55
178.0,187.2
362.0,364.33
260.0,257.65
295.0,285.83
1.0,2.01
290.0,281.81
292.0,275.77
258.0,253.62
259.0,247.59
406.0,400.57
62.0,66.43
512.0,505.24
397.0,392.51
450.0,446.86
3.0,2.01
253.0,247.59
317.0,312.0
122.0,130.84
388.0,388.49
432.0,428.75
300.0,291.87
506.0,491.15
248.0,241.55
28.0,36.23
159.0,171.1
146.0,152.98
110.0,116.75
512.0,509.26
435.0,428.75
103.0,110.71
419.0,416.67
264.0,251.61
63.0,66.43
2.0,2.01
301.0,291.87
471.0,466.99
148.0,150.97
118.0,116.75
51.0,62.4
384.0,390.5
17.0,6.04
148.0,161.03
491.0,489.13
49.0,58.37
394.0,394.53
386.0,388.49
31.0,26.17
444.0,456.93
318.0,314.01
289.0,283.82
396.0,392.51
207.0,213.37
204.0,217.39
1.0,2.01
260.0,261.68
347.0,338.17
1.0,2.01
492.0,475.04
238.0,241.55
347.0,342.19
357.0,352.26
267.0,261.68
236.0,239.53
335.0,330.11
330.0,326.09
441.0,440.82
253.0,247.59
511.0,501.21
183.0,185.19
368.0,372.39
384.0,382.45
1.0,2.01
458.0,452.9
241.0,241.55
2.0,2.01
510.0,497.18
33.0,8.05
13.0,4.03
22.0,2.01
302.0,299.92
147.0,148.95
512.0,503.22
3.0,2.01
298.0,289.86
19.0,14.09
107.0,112.72
361.0,354.27
448.0,448.88
255.0,251.61
253.0,249.6
262.0,255.64
2.0,2.01
162.0,173.11
510.0,483.09
179.0,187.2
420.0,418.68
258.0,249.6
49.0,48.31
36.0,52.34
407.0,406.6
86.0,78.5
43.0,52.34
112.0,112.72
150.0,154.99
259.0,247.59
259.0,257.65
308.0,305.96
227.0,235.51
230.0,237.52
93.0,96.62
281.0,271.74
3.0,2.01
511.0,511.27
75.0,70.45
217.0,227.46
1.0,2.01
244.0,245.57
55.0,62.4
64.0,64.41
259.0,251.61
354.0,352.26
239.0,237.52
438.0,440.82
107.0,106.68
381.0,384.46
205.0,209.34
25.0,28.18
425.0,428.75
117.0,116.75
449.0,446.86
57.0,54.35
446.0,448.88
511.0,497.18
187.0,199.28
358.0,362.32
259.0,253.62
389.0,384.46
1.0,2.01
510.0,507.25
3.0,2.01
259.0,253.62
459.0,448.88
462.0,438.81
268.0,261.68
12.0,2.01
359.0,360.31
259.0,253.62
276.0,267.71
30.0,38.24
42.0,52.34
149.0,154.99
512.0,503.22
2.0,2.01
290.0,287.84
51.0,54.35
451.0,454.91
187.0,189.21
225.0,235.51
48.0,52.34
267.0,265.7
259.0,251.61
230.0,239.53
348.0,346.22
225.0,239.53
152.0,163.04
2.0,2.01
29.0,14.09
54.0,60.39
1.0,2.01
510.0,505.24
52.0,52.34
234.0,243.56
288.0,281.81
434.0,430.76
512.0,501.21
30.0,18.12
505.0,491.15
259.0,247.59
255.0,253.62
510.0,489.13
3.0,2.01
1.0,2.01
3.0,0.0
369.0,364.33
440.0,430.76
394.0,394.53
112.0,116.75
24.0,22.14
345.0,354.27
240.0,243.56
305.0,297.91
82.0,80.52
310.0,307.97
34.0,36.23
232.0,241.55
319.0,314.01
511.0,495.17
255.0,257.65
428.0,428.75
223.0,231.48
258.0,253.62
297.0,291.87
55.0,64.41
255.0,255.64
126.0,118.76
317.0,322.06
464.0,456.93
474.0,464.98
372.0,366.35
253.0,243.56
253.0,253.62
150.0,142.92
281.0,277.78
301.0,295.9
15.0,6.04
255.0,251.61
162.0,173.11
481.0,473.03
273.0,257.65
272.0,263.69
1.0,2.01
420.0,424.72
511.0,491.15
510.0,501.21
29.0,8.05
344.0,330.11
12.0,2.01
431.0,436.8
254.0,253.62
255.0,251.61
23.0,12.08
3.0,2.01
325.0,316.02
254.0,249.6
428.0,426.73
511.0,511.27
1.0,2.01
258.0,247.59
16.0,8.05
165.0,177.13
135.0,136.88
44.0,50.32
177.0,191.22
29.0,42.27
40.0,50.32
342.0,340.18
254.0,253.62
83.0,76.49
2.0,2.01
357.0,352.26
510.0,501.21
327.0,328.1
265.0,261.68
337.0,338.17
430.0,426.73
512.0,495.17
258.0,255.64
1.0,2.01
366.0,356.28
213.0,221.42
352.0,350.24
152.0,154.99
443.0,452.9
89.0,86.55
2.0,2.01
315.0,303.95
302.0,295.9
5.0,4.03
144.0,150.97
142.0,146.94
260.0,255.64
144.0,136.88
2.0,2.01
238.0,241.55
206.0,217.39
328.0,328.1
347.0,350.24
59.0,64.41
1.0,2.01
255.0,251.61
512.0,507.25
253.0,249.6
152.0,154.99
494.0,493.16
30.0,26.17
414.0,416.67
254.0,249.6
179.0,195.25
119.0,118.76
226.0,235.51
467.0,458.94
503.0,481.08
404.0,406.6
99.0,110.71
283.0,275.77
205.0,217.39
65.0,62.4
334.0,334.14
510.0,491.15
442.0,426.73
255.0,247.59
111.0,116.75
295.0,287.84
111.0,114.73
265.0,259.66
88.0,82.53
177.0,191.22
2.0,2.01
151.0,167.07
464.0,460.95
2.0,2.01
512.0,511.27
487.0,479.07
98.0,106.68
253.0,251.61
233.0,239.53
361.0,362.32
98.0,100.64
498.0,475.04
1.0,2.01
415.0,412.64
258.0,251.61
324.0,318.04
5.0,2.01
235.0,241.55
5.0,2.01
253.0,247.59
258.0,251.61
212.0,217.39
112.0,116.75
178.0,181.16
110.0,106.68
340.0,338.17
259.0,251.61
35.0,42.27
210.0,225.44
53.0,58.37
336.0,338.17
187.0,199.28
121.0,120.77
19.0,6.04
260.0,253.62
385.0,386.48
332.0,328.1
181.0,193.24
79.0,82.53
223.0,237.52
433.0,430.76
92.0,92.59
3.0,2.01
61.0,52.34
157.0,167.07
510.0,503.22
170.0,169.08
253.0,249.6
311.0,312.0
92.0,88.57
242.0,243.56
339.0,340.18
414.0,416.67
216.0,233.5
129.0,124.8
324.0,326.09
426.0,426.73
196.0,213.37
427.0,422.71
150.0,152.98
442.0,430.76
35.0,40.26
264.0,261.68
477.0,469.0
1.0,2.01
203.0,217.39
427.0,418.68
58.0,60.39
184.0,193.24
340.0,336.15
512.0,501.21
56.0,64.41
359.0,360.31
259.0,253.62
259.0,251.61
8.0,2.01
255.0,253.62
151.0,154.99
259.0,253.62
466.0,466.99
249.0,243.56
30.0,44.28
260.0,255.64
77.0,70.45
338.0,338.17
3.0,2.01
41.0,54.35
142.0,150.97
430.0,428.75
119.0,124.8
500.0,495.17
255.0,251.61
471.0,464.98
3.0,2.01
93.0,94.61
465.0,462.97
357.0,354.27
511.0,497.18
502.0,485.11
232.0,239.53
20.0,26.17
70.0,64.41
350.0,352.26
2.0,2.01
214.0,227.46
414.0,408.62
188.0,205.32
510.0,503.22
209.0,217.39
1.0,2.01
155.0,165.06
253.0,251.61
511.0,505.24
258.0,251.61
221.0,235.51
113.0,118.76
398.0,394.53
3.0,2.01
265.0,265.7
260.0,249.6
400.0,396.54
510.0,497.18
333.0,330.11
42.0,48.31
234.0,237.52
415.0,410.63
255.0,249.6
130.0,126.81
255.0,251.61
511.0,493.16
135.0,142.92
200.0,215.38
191.0,205.32
364.0,372.39
151.0,148.95
25.0,22.14
139.0,138.89
88.0,86.55
352.0,350.24
258.0,255.64
162.0,173.11
255.0,265.7
1.0,2.01
312.0,320.05
191.0,195.25
415.0,418.68
227.0,235.51
9.0,2.01
504.0,489.13
43.0,54.35
341.0,348.23
214.0,221.42
3.0,2.01
277.0,267.71
147.0,157.01
114.0,116.75
419.0,418.68
421.0,416.67
361.0,356.28
53.0,62.4
415.0,420.69
359.0,352.26
368.0,366.35
511.0,499.2
400.0,396.54
244.0,237.52
254.0,251.61
512.0,505.24
250.0,241.55
253.0,251.61
3.0,2.01
254.0,253.62
168.0,173.11
26.0,34.22
99.0,102.66
81.0,86.55
17.0,2.01
320.0,316.02
116.0,118.76
292.0,295.9
340.0,338.17
3.0,2.01
246.0,245.57
259.0,249.6
255.0,251.61
467.0,462.97
254.0,247.59
157.0,154.99
512.0,499.2
156.0,161.03
231.0,237.52
1.0,2.01
45.0,50.32
18.0,10.06
510.0,497.18
169.0,163.04
87.0,82.53
214.0,233.5
260.0,253.62
183.0,185.19
345.0,358.3
232.0,237.52
23.0,28.18
253.0,249.6
140.0,150.97
436.0,430.76
360.0,368.36
109.0,110.71
511.0,505.24
511.0,485.11
449.0,444.85
29.0,44.28
222.0,231.48
31.0,36.23
386.0,390.5
511.0,491.15
253.0,243.56
259.0,247.59
337.0,328.1
294.0,289.86
259.0,253.62
79.0,74.48
328.0,330.11
258.0,251.61
115.0,116.75
1.0,2.01
510.0,495.17
511.0,501.21
356.0,354.27
259.0,253.62
260.0,253.62
2.0,2.01
2.0,2.01
73.0,64.41
3.0,2.01
2.0,2.01
342.0,330.11
488.0,473.03
167.0,175.12
1.0,2.01
354.0,354.27
69.0,60.39
1.0,2.01
93.0,84.54
373.0,374.4
249.0,243.56
255.0,257.65
151.0,154.99
254.0,247.59
1.0,2.01
36.0,38.24
280.0,271.74
96.0,100.64
2.0,6.04
282.0,273.75
260.0,257.65
190.0,207.33
366.0,370.37
259.0,247.59
231.0,239.53
129.0,136.88
187.0,205.32
2.0,2.01
363.0,368.36
108.0,108.7
191.0,205.32
313.0,307.97
149.0,159.02
482.0,477.06
477.0,464.98
85.0,88.57
259.0,259.66
2.0,2.01
181.0,195.25
335.0,334.14
38.0,44.28
13.0,2.01
412.0,414.66
510.0,493.16
510.0,499.2
3.0,2.01
3.0,2.01
512.0,493.16
177.0,183.17
98.0,104.67
3.0,2.01
146.0,154.99
25.0,20.13
144.0,154.99
103.0,106.68
435.0,438.81
232.0,239.53
507.0,497.18
79.0,86.55
511.0,505.24
61.0,56.36
411.0,412.64
10.0,2.01
397.0,404.59
468.0,452.9
2.0,2.01
1.0,2.01
2.0,2.01
290.0,283.82
260.0,255.64
368.0,366.35
125.0,126.81
468.0,462.97
466.0,452.9
462.0,456.93
258.0,255.64
255.0,253.62
220.0,235.51
363.0,364.33
510.0,495.17
120.0,130.84
235.0,243.56
180.0,193.24
40.0,38.24
254.0,251.61
512.0,497.18
377.0,376.41
406.0,398.55
294.0,287.84
314.0,305.96
430.0,420.69
3.0,2.01
2.0,2.01
255.0,249.6
159.0,171.1
3.0,2.01
358.0,364.33
237.0,239.53
190.0,205.32
3.0,2.01
393.0,392.51
281.0,275.77
3.0,2.01
258.0,253.62
336.0,334.14
179.0,191.22
13.0,2.01
179.0,187.2
511.0,505.24
511.0,497.18
24.0,38.24
361.0,358.3
77.0,78.5
18.0,4.03
128.0,132.85
322.0,316.02
85.0,86.55
501.0,499.2
249.0,247.59
504.0,493.16
254.0,249.6
254.0,249.6
277.0,271.74
100.0,108.7
353.0,356.28
219.0,235.51
218.0,235.51
258.0,251.61
221.0,235.51
459.0,452.9
314.0,309.99
361.0,356.28
183.0,193.24
194.0,205.32
81.0,80.52
45.0,52.34
2.0,2.01
2.0,2.01
314.0,303.95
121.0,118.76
260.0,251.61
154.0,161.03
246.0,245.57
41.0,46.3
483.0,471.02
193.0,199.28
244.0,243.56
510.0,483.09
101.0,100.64
328.0,316.02
123.0,128.83
492.0,487.12
134.0,132.85
409.0,408.62
254.0,251.61
412.0,402.58
103.0,110.71
362.0,362.32
1.0,2.01
511.0,513.29
141.0,136.88
273.0,267.71
40.0,50.32
141.0,138.89
260.0,253.62
12.0,8.05
455.0,454.91
290.0,275.77
18.0,6.04
2.0,2.01
312.0,312.0
461.0,458.94
2.0,2.01
254.0,245.57
434.0,434.78
195.0,209.34
158.0,173.11
219.0,233.5
148.0,163.04
380.0,368.36
43.0,46.3
392.0,392.51
324.0,318.04
7.0,6.04
200.0,217.39
311.0,312.0
98.0,102.66
247.0,247.59
94.0,90.58
3.0,2.01
36.0,28.18
206.0,225.44
480.0,471.02
439.0,428.75
332.0,326.09
510.0,501.21
203.0,213.37
419.0,424.72
79.0,76.49
451.0,450.89
83.0,82.53
255.0,255.64
216.0,225.44
128.0,126.81
47.0,60.39
247.0,243.56
298.0,295.9
145.0,146.94
430.0,430.76
255.0,249.6
393.0,386.48
208.0,211.35
311.0,305.96
174.0,179.15
270.0,263.69
255.0,251.61
128.0,126.81
361.0,366.35
178.0,185.19
75.0,80.52
48.0,50.32
325.0,326.09
151.0,148.95
291.0,289.86
155.0,161.03
373.0,366.35
271.0,263.69
451.0,446.86
131.0,124.8
204.0,221.42
215.0,231.48
439.0,434.78
343.0,338.17
396.0,398.55
2.0,2.01
2.0,2.01
89.0,74.48
219.0,235.51
129.0,134.86
210.0,219.41
70.0,72.46
253.0,251.61
483.0,471.02
260.0,259.66
349.0,344.2
512.0,491.15
321.0,309.99
266.0,257.65
3.0,2.01
498.0,483.09
496.0,483.09
236.0,241.55
255.0,247.59
321.0,318.04
259.0,253.62
383.0,378.42
439.0,436.8
3.0,2.01
124.0,130.84
233.0,235.51
104.0,110.71
227.0,237.52
394.0,390.5
136.0,132.85
161.0,169.08
155.0,163.04
160.0,163.04
430.0,428.75
253.0,251.61
119.0,114.73
253.0,251.61
89.0,86.55
452.0,454.91
190.0,195.25
74.0,72.46
41.0,48.31
482.0,471.02
1.0,2.01
512.0,493.16
510.0,499.2
304.0,293.88
1.0,2.01
100.0,100.64
236.0,239.53
178.0,189.21
260.0,257.65
345.0,344.2
110.0,118.76
245.0,245.57
123.0,126.81
511.0,507.25
41.0,40.26
33.0,44.28
31.0,38.24
489.0,469.0
480.0,466.99
152.0,152.98
59.0,66.43
454.0,450.89
42.0,52.34
253.0,249.6
511.0,503.22
200.0,205.32
260.0,253.62
258.0,261.68
39.0,32.21
226.0,235.51
510.0,507.25
384.0,374.4
510.0,495.17
376.0,366.35
53.0,64.41
345.0,352.26
476.0,473.03
141.0,142.92
217.0,235.51
28.0,4.03
254.0,257.65
385.0,384.46
254.0,255.64
253.0,245.57
512.0,503.22
87.0,92.59
506.0,499.2
2.0,2.01
64.0,64.41
346.0,344.2
380.0,374.4
265.0,261.68
178.0,191.22
1.0,2.01
35.0,38.24
255.0,253.62
412.0,414.66
426.0,426.73
196.0,207.33
333.0,338.17
3.0,2.01
10.0,2.01
187.0,199.28
112.0,114.73
157.0,171.1
260.0,253.62
130.0,140.9
395.0,392.51
309.0,303.95
260.0,257.65
11.0,2.01
395.0,394.53
122.0,122.79
231.0,237.52
260.0,251.61
2.0,2.01
254.0,253.62
223.0,227.46
399.0,392.51
260.0,253.62
320.0,318.04
41.0,46.3
434.0,430.76
266.0,257.65
103.0,106.68
421.0,422.71
255.0,249.6
376.0,370.37
254.0,253.62
350.0,348.23
198.0,205.32
395.0,394.53
9.0,2.01
258.0,253.62
456.0,454.91
104.0,108.7
512.0,501.21
116.0,114.73
327.0,324.08
181.0,193.24
42.0,50.32
65.0,68.44
253.0,249.6
183.0,197.26
512.0,499.2
61.0,62.4
254.0,253.62
118.0,120.77
168.0,175.12
259.0,253.62
2.0,2.01
381.0,388.49
502.0,491.15
374.0,372.39
253.0,249.6
441.0,444.85
331.0,316.02
18.0,4.03
1.0,2.01
254.0,249.6
314.0,301.93
476.0,458.94
3.0,2.01
46.0,40.26
2.0,2.01
199.0,217.39
104.0,104.67
27.0,44.28
1.0,2.01
253.0,253.62
148.0,152.98
259.0,257.65
512.0,505.24
172.0,181.16
34.0,48.31
248.0,243.56
3.0,2.01
77.0,70.45
106.0,102.66
203.0,217.39
204.0,223.43
511.0,505.24
259.0,249.6
45.0,60.39
149.0,152.98
254.0,253.62
485.0,481.08
442.0,436.8
351.0,346.22
512.0,501.21
253.0,239.53
420.0,414.66
387.0,376.41
259.0,255.64
432.0,424.72
134.0,142.92
282.0,275.77
34.0,26.17
19.0,6.04
258.0,251.61
450.0,448.88
1.0,2.01
47.0,52.34
260.0,261.68
29.0,18.12
162.0,173.11
1.0,2.01
334.0,330.11
41.0,42.27
3.0,2.01
413.0,420.69
234.0,241.55
511.0,509.26
2.0,2.01
460.0,466.99
511.0,497.18
327.0,322.06
111.0,114.73
346.0,350.24
327.0,322.06
222.0,223.43
25.0,26.17
255.0,251.61
144.0,148.95
163.0,173.11
259.0,249.6
23.0,36.23
512.0,509.26
288.0,275.77
511.0,501.21
146.0,142.92
510.0,501.21
344.0,338.17
226.0,235.51
237.0,243.56
255.0,249.6
172.0,187.2
417.0,416.67
120.0,120.77
3.0,2.01
255.0,253.62
51.0,56.36
266.0,255.64
472.0,466.99
167.0,177.13
258.0,251.61
353.0,344.2
223.0,241.55
34.0,46.3
197.0,215.38
254.0,247.59
3.0,2.01
512.0,509.26
43.0,42.27
92.0,90.58
187.0,199.28
214.0,225.44
287.0,281.81
260.0,249.6
454.0,450.89
331.0,322.06
255.0,251.61
327.0,328.1
259.0,251.61
49.0,58.37
403.0,408.62
273.0,261.68
2.0,2.01
7.0,4.03
512.0,501.21
3.0,2.01
2.0,2.01
137.0,140.9
93.0,76.49
40.0,46.3
1.0,2.01
1.0,2.01
2.0,2.01
404.0,394.53
241.0,243.56
32.0,42.27
166.0,179.15
1.0,2.01
258.0,257.65
510.0,497.18
140.0,144.93
96.0,96.62
316.0,314.01
333.0,334.14
300.0,295.9
130.0,134.86
89.0,80.52
9.0,2.01
3.0,2.01
248.0,247.59
340.0,338.17
250.0,255.64
379.0,378.42
315.0,318.04
467.0,460.95
108.0,110.71
7.0,2.01
266.0,261.68
255.0,253.62
3.0,2.01
171.0,187.2
456.0,454.91
259.0,249.6
2.0,2.01
182.0,199.28
92.0,82.53
6.0,2.01
1.0,2.01
417.0,410.63
338.0,336.15
258.0,257.65
97.0,94.61
495.0,489.13
79.0,66.43
28.0,34.22
1.0,2.01
204.0,221.42
50.0,50.32
463.0,466.99
483.0,479.07
52.0,62.4
86.0,90.58
496.0,493.16
254.0,249.6
2.0,2.01
77.0,74.48
413.0,418.68
430.0,422.71
138.0,144.93
258.0,249.6
156.0,159.02
1.0,2.01
148.0,146.94
80.0,70.45
259.0,253.62
511.0,499.2
370.0,368.36
134.0,142.92
478.0,471.02
2.0,2.01
1.0,2.01
254.0,251.61
434.0,432.77
36.0,36.23
282.0,269.73
272.0,263.69
19.0,24.15
384.0,402.58
496.0,491.15
98.0,94.61
60.0,66.43
496.0,497.18
253.0,253.62
271.0,259.66
147.0,161.03
512.0,505.24
260.0,255.64
413.0,416.67
454.0,442.84
279.0,273.75
248.0,249.6
255.0,251.61
447.0,438.81
338.0,334.14
3.0,2.01
9.0,2.01
79.0,80.52
281.0,269.73
258.0,251.61
89.0,88.57
360.0,370.37
437.0,432.77
317.0,309.99
338.0,338.17
253.0,253.62
255.0,253.62
258.0,249.6
440.0,442.84
46.0,54.35
259.0,251.61
2.0,2.01
259.0,255.64
253.0,247.59
28.0,8.05
99.0,104.67
417.0,414.66
118.0,116.75
56.0,58.37
63.0,64.41
281.0,275.77
1.0,2.01
510.0,495.17
289.0,281.81
253.0,253.62
123.0,120.77
389.0,392.51
284.0,271.74
398.0,392.51
89.0,90.58
365.0,370.37
208.0,215.38
70.0,68.44
507.0,507.25
215.0,225.44
92.0,98.63
278.0,273.75
374.0,366.35
258.0,253.62
290.0,285.83
1.0,2.01
297.0,295.9
266.0,257.65
309.0,295.9
332.0,330.11
455.0,448.88
141.0,134.86
511.0,503.22
260.0,247.59
512.0,497.18
246.0,243.56
255.0,253.62
495.0,479.07
2.0,2.01
189.0,207.33
200.0,223.43
393.0,384.46
510.0,499.2
255.0,251.61
150.0,163.04
269.0,267.71
276.0,273.75
254.0,249.6
114.0,120.77
309.0,312.0
1.0,2.01
298.0,299.92
1.0,2.01
253.0,257.65
179.0,179.15
78.0,74.48
245.0,245.57
359.0,354.27
95.0,94.61
255.0,253.62
343.0,338.17
90.0,90.58
504.0,503.22
403.0,394.53
511.0,503.22
512.0,499.2
374.0,374.4
199.0,215.38
308.0,303.95
329.0,324.08
510.0,489.13
37.0,22.14
92.0,92.59
198.0,213.37
231.0,239.53
447.0,436.8
429.0,426.73
73.0,70.45
478.0,469.0
3.0,4.03
277.0,269.73
121.0,124.8
319.0,318.04
510.0,499.2
122.0,130.84
351.0,346.22
426.0,420.69
271.0,265.7
512.0,501.21
250.0,243.56
412.0,400.57
3.0,2.01
281.0,277.78
361.0,354.27
222.0,227.46
18.0,8.05
254.0,251.61
178.0,181.16
506.0,489.13
105.0,100.64
511.0,491.15
113.0,120.77
485.0,473.03
308.0,299.92
260.0,253.62
363.0,366.35
448.0,434.78
474.0,464.98
469.0,458.94
74.0,74.48
67.0,78.5
459.0,458.94
260.0,251.61
275.0,269.73
66.0,72.46
441.0,442.84
1.0,2.01
352.0,356.28
3.0,2.01
259.0,255.64
245.0,243.56
258.0,251.61
79.0,74.48
471.0,475.04
448.0,444.85
450.0,450.89
430.0,424.72
485.0,481.08
124.0,122.79
503.0,497.18
465.0,456.93
259.0,249.6
338.0,332.13
367.0,364.33
363.0,362.32
167.0,173.11
458.0,454.91
441.0,428.75
282.0,271.74
381.0,376.41
260.0,247.59
454.0,450.89
258.0,253.62
259.0,253.62
201.0,213.37
306.0,299.92
74.0,78.5
239.0,239.53
259.0,255.64
511.0,485.11
466.0,448.88
255.0,253.62
351.0,348.23
339.0,332.13
96.0,98.63
260.0,261.68
506.0,495.17
260.0,253.62
46.0,56.36
510.0,497.18
56.0,66.43
129.0,130.84
511.0,501.21
243.0,241.55
33.0,22.14
451.0,444.85
416.0,418.68
258.0,255.64
282.0,279.79
66.0,68.44
86.0,74.48
409.0,410.63
259.0,253.62
2.0,2.01
296.0,305.96
260.0,251.61
325.0,320.05
76.0,70.45
303.0,305.96
216.0,217.39
407.0,408.62
385.0,384.46
284.0,279.79
346.0,338.17
254.0,247.59
291.0,285.83
403.0,404.59
511.0,487.12
489.0,481.08
461.0,456.93
201.0,211.35
381.0,368.36
83.0,80.52
121.0,126.81
97.0,104.67
3.0,2.01
271.0,263.69
117.0,116.75
113.0,114.73
482.0,477.06
43.0,48.31
510.0,507.25
62.0,62.4
482.0,479.07
59.0,62.4
510.0,505.24
339.0,332.13
240.0,237.52
441.0,436.8
226.0,231.48
379.0,374.4
107.0,114.73
334.0,330.11
489.0,477.06
296.0,289.86
228.0,233.5
120.0,126.81
510.0,499.2
453.0,440.82
163.0,179.15
315.0,312.0
372.0,356.28
90.0,92.59
26.0,30.19
66.0,68.44
146.0,150.97
511.0,501.21
217.0,225.44
338.0,332.13
83.0,84.54
474.0,471.02
511.0,497.18
403.0,404.59
1.0,2.01
335.0,334.14
418.0,414.66
423.0,418.68
130.0,130.84
250.0,251.61
298.0,291.87
234.0,239.53
421.0,420.69
259.0,247.59
262.0,255.64
1.0,2.01
226.0,227.46
463.0,442.84
123.0,122.79
510.0,499.2
3.0,2.01
379.0,380.44
26.0,18.12
260.0,257.65
511.0,499.2
292.0,279.79
512.0,493.16
512.0,497.18
3.0,2.01
2.0,2.01
510.0,450.89
260.0,251.61
215.0,231.48
454.0,444.85
511.0,505.24
318.0,312.0
88.0,88.57
393.0,394.53
260.0,255.64
360.0,358.3
512.0,505.24
118.0,124.8
141.0,142.92
297.0,287.84
387.0,382.45
34.0,46.3
397.0,406.6
255.0,251.61
263.0,249.6
119.0,124.8
153.0,165.06
367.0,366.35
486.0,485.11
252.0,247.59
259.0,259.66
472.0,458.94
510.0,499.2
14.0,2.01
86.0,90.58
1.0,2.01
254.0,249.6
114.0,116.75
288.0,283.82
103.0,108.7
259.0,251.61
180.0,193.24
98.0,104.67
283.0,279.79
97.0,102.66
16.0,6.04
121.0,120.77
198.0,211.35
196.0,201.29
478.0,466.99
263.0,255.64
425.0,420.69
105.0,108.7
250.0,247.59
460.0,450.89
175.0,179.15
199.0,213.37
260.0,249.6
254.0,253.62
254.0,249.6
274.0,269.73
259.0,253.62
250.0,247.59
296.0,291.87
203.0,225.44
510.0,499.2
494.0,479.07
258.0,255.64
1.0,2.01
168.0,183.17
371.0,372.39
341.0,336.15
124.0,134.86
162.0,177.13
361.0,348.23
1.0,2.01
2.0,2.01
185.0,189.21
366.0,368.36
254.0,245.57
510.0,495.17
252.0,247.59
1.0,2.01
82.0,84.54
489.0,479.07
17.0,10.06
494.0,491.15
96.0,88.57
397.0,404.59
301.0,291.87
244.0,245.57
429.0,428.75
468.0,466.99
173.0,179.15
163.0,169.08
194.0,199.28
218.0,225.44
488.0,479.07
460.0,456.93
259.0,249.6
2.0,2.01
3.0,2.01
301.0,295.9
258.0,251.61
181.0,185.19
125.0,132.85
371.0,374.4
441.0,432.77
12.0,2.01
29.0,42.27
389.0,386.48
259.0,253.62
20.0,10.06
222.0,235.51
255.0,247.59
455.0,450.89
1.0,2.01
259.0,249.6
350.0,344.2
191.0,201.29
262.0,259.66
287.0,281.81
426.0,422.71
272.0,261.68
123.0,126.81
510.0,487.12
457.0,450.89
54.0,64.41
99.0,104.67
98.0,96.62
285.0,279.79
3.0,2.01
60.0,62.4
23.0,6.04
376.0,368.36
442.0,438.81
63.0,66.43
254.0,253.62
255.0,249.6
127.0,128.83
223.0,237.52
512.0,505.24
359.0,356.28
253.0,251.61
259.0,249.6
510.0,489.13
46.0,50.32
280.0,281.81
188.0,193.24
472.0,466.99
254.0,249.6
512.0,497.18
410.0,394.53
326.0,312.0
139.0,146.94
324.0,318.04
308.0,301.93
311.0,305.96
220.0,231.48
267.0,261.68
254.0,247.59
510.0,501.21
369.0,360.31
345.0,338.17
266.0,263.69
260.0,249.6
59.0,68.44
188.0,195.25
260.0,251.61
491.0,477.06
328.0,316.02
352.0,350.24
291.0,289.86
259.0,255.64
512.0,497.18
472.0,460.95
17.0,8.05
496.0,483.09
255.0,247.59
88.0,96.62
135.0,142.92
3.0,2.01
510.0,495.17
1.0,2.01
334.0,326.09
136.0,132.85
1.0,2.01
510.0,487.12
339.0,338.17
193.0,205.32
253.0,247.59
510.0,499.2
255.0,249.6
42.0,58.37
38.0,38.24
442.0,432.77
1.0,2.01
241.0,243.56
208.0,219.41
68.0,64.41
512.0,507.25
185.0,197.26
435.0,440.82
106.0,110.71
34.0,42.27
56.0,62.4
182.0,189.21
110.0,112.72
29.0,8.05
511.0,509.26
59.0,60.39
254.0,255.64
260.0,253.62
229.0,235.51
260.0,255.64
504.0,497.18
116.0,122.79
179.0,187.2
77.0,80.52
512.0,493.16
502.0,483.09
259.0,253.62
259.0,251.61
41.0,50.32
457.0,460.95
305.0,295.9
121.0,122.79
145.0,152.98
368.0,368.36
253.0,241.55
76.0,80.52
347.0,340.18
336.0,334.14
97.0,98.63
191.0,205.32
441.0,434.78
133.0,134.86
282.0,273.75
511.0,503.22
36.0,44.28
146.0,159.02
434.0,436.8
232.0,237.52
2.0,2.01
125.0,130.84
1.0,2.01
258.0,253.62
382.0,392.51
512.0,497.18
369.0,370.37
64.0,66.43
64.0,64.41
374.0,374.4
413.0,418.68
153.0,154.99
432.0,438.81
466.0,460.95
477.0,466.99
259.0,251.61
421.0,416.67
89.0,84.54
262.0,253.62
357.0,358.3
23.0,16.1
84.0,92.59
14.0,2.01
113.0,118.76
205.0,217.39
3.0,2.01
171.0,187.2
242.0,245.57
3.0,2.01
510.0,507.25
64.0,58.37
237.0,243.56
234.0,241.55
510.0,493.16
61.0,60.39
302.0,303.95
100.0,98.63
364.0,368.36
246.0,243.56
255.0,247.59
195.0,205.32
2.0,2.01
2.0,2.01
396.0,400.57
512.0,501.21
428.0,424.72
163.0,169.08
192.0,201.29
254.0,249.6
220.0,227.46
3.0,2.01
249.0,249.6
7.0,2.01
54.0,66.43
304.0,301.93
105.0,108.7
258.0,257.65
202.0,209.34
282.0,281.81
37.0,44.28
409.0,412.64
277.0,263.69
478.0,464.98
259.0,251.61
309.0,303.95
99.0,104.67
2.0,2.01
129.0,132.85
202.0,215.38
510.0,485.11
254.0,247.59
109.0,112.72
255.0,249.6
398.0,390.5
24.0,28.18
1.0,2.01
15.0,2.01
3.0,2.01
253.0,251.61
198.0,213.37
510.0,503.22
497.0,495.17
253.0,251.61
343.0,338.17
507.0,495.17
2.0,2.01
259.0,255.64
479.0,477.06
273.0,261.68
253.0,249.6
92.0,98.63
122.0,134.86
376.0,374.4
258.0,255.64
172.0,179.15
1.0,2.01
221.0,235.51
297.0,289.86
468.0,460.95
445.0,446.86
510.0,503.22
289.0,277.78
81.0,86.55
3.0,4.03
3.0,0.0
301.0,295.9
191.0,199.28
143.0,154.99
50.0,58.37
274.0,273.75
219.0,237.52
460.0,456.93
450.0,440.82
512.0,501.21
454.0,444.85
287.0,275.77
28.0,30.19
258.0,249.6
397.0,396.54
129.0,130.84
157.0,169.08
31.0,46.3
512.0,503.22
66.0,72.46
364.0,370.37
286.0,273.75
97.0,96.62
16.0,4.03
460.0,462.97
193.0,201.29
179.0,189.21
510.0,497.18
255.0,245.57
146.0,144.93
2.0,2.01
253.0,249.6
485.0,473.03
93.0,90.58
512.0,505.24
45.0,52.34
208.0,213.37
512.0,497.18
75.0,70.45
74.0,70.45
197.0,219.41
36.0,44.28
510.0,485.11
33.0,46.3
1.0,2.01
131.0,130.84
363.0,366.35
128.0,134.86
253.0,257.65
464.0,464.98
111.0,112.72
259.0,257.65
19.0,12.08
84.0,80.52
22.0,10.06
194.0,201.29
502.0,491.15
429.0,420.69
254.0,255.64
29.0,16.1
122.0,128.83
484.0,481.08
454.0,454.91
259.0,255.64
156.0,169.08
389.0,392.51
272.0,265.7
22.0,18.12
108.0,112.72
259.0,253.62
300.0,285.83
240.0,243.56
260.0,251.61
144.0,154.99
270.0,267.71
385.0,380.44
510.0,487.12
260.0,253.62
476.0,462.97
147.0,152.98
50.0,58.37
255.0,251.61
173.0,187.2
42.0,52.34
195.0,203.3
3.0,2.01
502.0,495.17
339.0,322.06
73.0,72.46
19.0,22.14
273.0,269.73
253.0,249.6
2.0,2.01
3.0,2.01
156.0,157.01
3.0,2.01
2.0,2.01
2.0,2.01
253.0,249.6
510.0,495.17
510.0,489.13
3.0,2.01
398.0,400.57
128.0,124.8
253.0,253.62
359.0,358.3
503.0,495.17
254.0,249.6
264.0,261.68
215.0,225.44
1.0,2.01
216.0,231.48
172.0,181.16
254.0,247.59
225.0,239.53
512.0,499.2
308.0,299.92
47.0,60.39
174.0,189.21
2.0,2.01
343.0,334.14
183.0,193.24
403.0,400.57
22.0,2.01
396.0,404.59
142.0,138.89
173.0,177.13
73.0,68.44
345.0,348.23
54.0,56.36
277.0,273.75
251.0,245.57
110.0,114.73
394.0,402.58
82.0,78.5
253.0,247.59
114.0,112.72
365.0,366.35
506.0,497.18
135.0,136.88
3.0,2.01
371.0,374.4
234.0,239.53
36.0,38.24
250.0,253.62
311.0,303.95
2.0,2.01
240.0,243.56
277.0,269.73
361.0,366.35
114.0,118.76
278.0,277.78
253.0,249.6
350.0,346.22
69.0,70.45
258.0,257.65
1.0,2.01
24.0,24.15
253.0,247.59
269.0,257.65
255.0,253.62
449.0,440.82
411.0,412.64
467.0,454.91
85.0,88.57
2.0,2.01
95.0,96.62
73.0,64.41
3.0,2.01
203.0,215.38
186.0,203.3
278.0,261.68
231.0,243.56
259.0,255.64
189.0,195.25
217.0,231.48
141.0,144.93
234.0,241.55
293.0,289.86
506.0,489.13
332.0,332.13
304.0,303.95
354.0,354.27
350.0,346.22
385.0,376.41
484.0,473.03
231.0,235.51
155.0,165.06
118.0,122.79
227.0,237.52
94.0,92.59
282.0,277.78
511.0,491.15
170.0,181.16
410.0,410.63
176.0,187.2
41.0,44.28
179.0,191.22
328.0,330.11
230.0,239.53
150.0,161.03
82.0,84.54
385.0,388.49
512.0,493.16
254.0,251.61
486.0,477.06
302.0,297.91
181.0,189.21
153.0,159.02
253.0,247.59
3.0,2.01
1.0,2.01
313.0,312.0
253.0,243.56
274.0,265.7
208.0,221.42
399.0,394.53
211.0,217.39
1.0,2.01
108.0,112.72
259.0,251.61
253.0,247.59
441.0,440.82
221.0,231.48
35.0,50.32
104.0,110.71
196.0,211.35
106.0,108.7
195.0,207.33
227.0,241.55
206.0,213.37
265.0,259.66
467.0,460.95
416.0,418.68
438.0,438.81
412.0,412.64
338.0,334.14
8.0,6.04
199.0,207.33
484.0,471.02
255.0,247.59
46.0,46.3
302.0,301.93
296.0,285.83
101.0,106.68
118.0,122.79
3.0,2.01
159.0,173.11
258.0,249.6
169.0,185.19
231.0,241.55
305.0,301.93
260.0,257.65
2.0,2.01
1.0,0.0
511.0,491.15
442.0,436.8
138.0,142.92
96.0,100.64
50.0,60.39
53.0,60.39
305.0,299.92
2.0,2.01
512.0,505.24
63.0,64.41
226.0,237.52
62.0,66.43
75.0,68.44
511.0,497.18
232.0,231.48
247.0,245.57
172.0,183.17
3.0,2.01
258.0,253.62
258.0,249.6
262.0,253.62
325.0,326.09
2.0,2.01
190.0,205.32
164.0,169.08
341.0,340.18
260.0,249.6
258.0,257.65
189.0,195.25
392.0,390.5
338.0,342.19
68.0,70.45
283.0,283.82
496.0,485.11
275.0,261.68
258.0,249.6
3.0,2.01
512.0,501.21
413.0,408.62
425.0,418.68
258.0,249.6
255.0,251.61
2.0,2.01
360.0,362.32
255.0,249.6
230.0,235.51
397.0,390.5
174.0,179.15
150.0,157.01
42.0,48.31
137.0,142.92
120.0,116.75
495.0,479.07
143.0,140.9
510.0,499.2
512.0,497.18
332.0,326.09
372.0,366.35
243.0,243.56
253.0,251.61
26.0,26.17
200.0,209.34
182.0,199.28
108.0,116.75
510.0,503.22
291.0,275.77
218.0,225.44
260.0,259.66
511.0,499.2
364.0,352.26
2.0,2.01
58.0,64.41
258.0,249.6
107.0,110.71
378.0,372.39
71.0,72.46
3.0,2.01
510.0,493.16
90.0,84.54
281.0,277.78
423.0,424.72
285.0,277.78
1.0,2.01
260.0,255.64
277.0,271.74
253.0,247.59
378.0,374.4
411.0,400.57
254.0,249.6
198.0,209.34
54.0,60.39
492.0,491.15
107.0,108.7
225.0,229.47
106.0,106.68
2.0,2.01
241.0,243.56
171.0,181.16
452.0,448.88
101.0,104.67
161.0,171.1
383.0,386.48
48.0,56.36
413.0,418.68
3.0,2.01
60.0,64.41
490.0,483.09
365.0,360.31
1.0,2.01
512.0,509.26
259.0,247.59
73.0,72.46
179.0,183.17
41.0,44.28
57.0,62.4
89.0,84.54
504.0,491.15
3.0,2.01
81.0,84.54
408.0,404.59
61.0,64.41
476.0,485.11
254.0,247.59
260.0,257.65
254.0,247.59
196.0,209.34
49.0,62.4
130.0,132.85
230.0,239.53
255.0,249.6
385.0,384.46
291.0,285.83
183.0,193.24
3.0,2.01
250.0,245.57
484.0,479.07
146.0,144.93
196.0,197.26
259.0,257.65
512.0,503.22
155.0,159.02
129.0,134.86
458.0,448.88
493.0,477.06
66.0,70.45
258.0,257.65
237.0,241.55
127.0,134.86
223.0,237.52
253.0,249.6
157.0,161.03
1.0,2.01
128.0,124.8
500.0,487.12
353.0,346.22
265.0,257.65
111.0,116.75
162.0,175.12
360.0,356.28
78.0,74.48
54.0,58.37
215.0,235.51
59.0,64.41
49.0,54.35
366.0,370.37
470.0,473.03
406.0,398.55
238.0,239.53
277.0,271.74
495.0,485.11
260.0,257.65
2.0,2.01
37.0,52.34
505.0,499.2
49.0,60.39
469.0,466.99
200.0,209.34
279.0,277.78
329.0,326.09
154.0,167.07
48.0,52.34
154.0,161.03
139.0,144.93
31.0,44.28
474.0,471.02
99.0,102.66
345.0,342.19
18.0,26.17
152.0,154.99
157.0,163.04
96.0,94.61
510.0,501.21
260.0,247.59
258.0,247.59
29.0,40.26
495.0,487.12
255.0,249.6
120.0,116.75
38.0,46.3
2.0,2.01
512.0,479.07
347.0,330.11
439.0,440.82
75.0,78.5
495.0,497.18
255.0,243.56
80.0,86.55
80.0,80.52
512.0,497.18
377.0,370.37
469.0,466.99
511.0,497.18
154.0,152.98
143.0,154.99
99.0,108.7
2.0,2.01
36.0,46.3
489.0,475.04
209.0,217.39
438.0,432.77
291.0,277.78
358.0,356.28
181.0,191.22
319.0,312.0
447.0,436.8
123.0,124.8
2.0,2.01
259.0,255.64
415.0,408.62
23.0,22.14
399.0,408.62
246.0,243.56
115.0,118.76
308.0,303.95
1.0,2.01
405.0,410.63
286.0,285.83
353.0,348.23
134.0,140.9
288.0,281.81
264.0,255.64
355.0,356.28
103.0,104.67
58.0,66.43
3.0,2.01
14.0,2.01
511.0,499.2
91.0,82.53
116.0,120.77
229.0,239.53
127.0,120.77
464.0,462.97
424.0,424.72
32.0,38.24
73.0,78.5
188.0,191.22
1.0,2.01
259.0,253.62
511.0,503.22
102.0,110.71
329.0,324.08
1.0,2.01
461.0,469.0
288.0,277.78
162.0,171.1
80.0,80.52
223.0,239.53
372.0,362.32
30.0,48.31
302.0,295.9
146.0,152.98
254.0,247.59
287.0,281.81
253.0,247.59
2.0,2.01
22.0,28.18
205.0,215.38
107.0,110.71
442.0,436.8
102.0,106.68
342.0,348.23
483.0,479.07
410.0,404.59
63.0,62.4
301.0,297.91
153.0,161.03
164.0,179.15
111.0,108.7
258.0,257.65
510.0,495.17
400.0,396.54
21.0,24.15
77.0,72.46
140.0,142.92
1.0,2.01
260.0,249.6
510.0,487.12
1.0,2.01
356.0,354.27
49.0,58.37
370.0,376.41
144.0,148.95
352.0,352.26
259.0,253.62
258.0,249.6
129.0,136.88
287.0,281.81
487.0,481.08
342.0,342.19
108.0,104.67
398.0,404.59
2.0,2.01
151.0,150.97
354.0,346.22
1.0,2.01
253.0,251.61
234.0,231.48
61.0,56.36
152.0,161.03
255.0,253.62
168.0,175.12
384.0,388.49
510.0,495.17
258.0,251.61
311.0,312.0
1.0,2.01
259.0,259.66
210.0,219.41
340.0,340.18
171.0,177.13
202.0,215.38
370.0,366.35
253.0,247.59
254.0,253.62
273.0,261.68
133.0,130.84
168.0,177.13
253.0,249.6
227.0,235.51
41.0,52.34
2.0,2.01
62.0,66.43
138.0,134.86
9.0,4.03
109.0,102.66
336.0,336.15
3.0,2.01
305.0,305.96
259.0,249.6
67.0,66.43
131.0,124.8
108.0,106.68
254.0,253.62
1.0,2.01
416.0,412.64
23.0,6.04
81.0,84.54
214.0,221.42
1.0,2.01
2.0,2.01
52.0,50.32
137.0,146.94
337.0,336.15
65.0,64.41
91.0,90.58
254.0,249.6
258.0,251.61
410.0,406.6
510.0,485.11
148.0,152.98
146.0,152.98
71.0,72.46
3.0,2.01
62.0,64.41
73.0,70.45
16.0,4.03
75.0,76.49
207.0,225.44
226.0,239.53
473.0,481.08
253.0,253.62
269.0,261.68
80.0,76.49
41.0,52.34
316.0,318.04
139.0,138.89
346.0,348.23
322.0,316.02
258.0,249.6
103.0,112.72
217.0,229.47
446.0,436.8
41.0,56.36
221.0,237.52
383.0,380.44
253.0,249.6
350.0,348.23
417.0,410.63
404.0,398.55
511.0,497.18
333.0,332.13
443.0,438.81
197.0,205.32
126.0,124.8
62.0,64.41
272.0,261.68
488.0,471.02
406.0,400.57
269.0,261.68
267.0,253.62
459.0,446.86
254.0,249.6
255.0,249.6
510.0,505.24
181.0,187.2
265.0,255.64
510.0,497.18
327.0,316.02
255.0,251.61
84.0,92.59
502.0,495.17
410.0,398.55
253.0,251.61
212.0,227.46
400.0,400.57
259.0,255.64
440.0,442.84
200.0,211.35
109.0,116.75
324.0,314.01
181.0,193.24
3.0,2.01
382.0,386.48
450.0,438.81
448.0,440.82
185.0,199.28
359.0,354.27
371.0,366.35
65.0,68.44
258.0,255.64
1.0,2.01
136.0,134.86
221.0,233.5
475.0,462.97
121.0,122.79
190.0,201.29
461.0,460.95
291.0,283.82
176.0,193.24
143.0,152.98
483.0,481.08
474.0,450.89
163.0,175.12
184.0,201.29
312.0,314.01
362.0,364.33
510.0,505.24
243.0,241.55
414.0,416.67
433.0,424.72
157.0,167.07
480.0,475.04
260.0,253.62
179.0,193.24
1.0,2.01
88.0,90.58
343.0,344.2
254.0,249.6
21.0,8.05
461.0,462.97
1.0,2.01
292.0,289.86
74.0,64.41
299.0,293.88
503.0,491.15
474.0,471.02
230.0,239.53
248.0,243.56
462.0,458.94
2.0,2.01
436.0,432.77
255.0,251.61
1.0,2.01
294.0,283.82
507.0,493.16
511.0,493.16
290.0,281.81
253.0,251.61
289.0,283.82
3.0,2.01
75.0,70.45
205.0,213.37
497.0,481.08
32.0,36.23
254.0,257.65
10.0,2.01
224.0,235.51
154.0,163.04
51.0,54.35
1.0,2.01
426.0,428.75
275.0,269.73
160.0,165.06
432.0,438.81
459.0,458.94
181.0,191.22
511.0,499.2
1.0,2.01
108.0,106.68
2.0,2.01
79.0,82.53
40.0,46.3
22.0,10.06
197.0,207.33
506.0,497.18
380.0,378.42
376.0,374.4
130.0,124.8
253.0,245.57
377.0,374.4
88.0,76.49
1.0,2.01
119.0,120.77
272.0,263.69
103.0,110.71
3.0,2.01
482.0,485.11
165.0,171.1
262.0,253.62
246.0,243.56
258.0,251.61
336.0,334.14
315.0,309.99
152.0,161.03
88.0,94.61
16.0,8.05
81.0,86.55
7.0,2.01
240.0,245.57
20.0,6.04
87.0,82.53
254.0,249.6
109.0,110.71
1.0,2.01
443.0,442.84
255.0,251.61
511.0,507.25
259.0,245.57
230.0,237.52
255.0,249.6
377.0,378.42
2.0,2.01
502.0,499.2
60.0,68.44
448.0,438.81
72.0,66.43
210.0,229.47
127.0,126.81
510.0,507.25
114.0,110.71
375.0,368.36
452.0,440.82
116.0,116.75
201.0,219.41
30.0,32.21
139.0,146.94
409.0,406.6
131.0,138.89
260.0,255.64
13.0,16.1
510.0,513.29
279.0,261.68
15.0,2.01
169.0,183.17
329.0,326.09
388.0,384.46
97.0,98.63
46.0,62.4
130.0,132.85
402.0,402.58
259.0,257.65
123.0,120.77
410.0,420.69
391.0,396.54
151.0,165.06
1.0,2.01
402.0,410.63
298.0,293.88
255.0,249.6
123.0,120.77
149.0,157.01
333.0,330.11
67.0,70.45
2.0,2.01
184.0,185.19
153.0,159.02
90.0,90.58
243.0,243.56
389.0,380.44
3.0,2.01
477.0,464.98
255.0,251.61
255.0,245.57
318.0,309.99
10.0,4.03
241.0,245.57
53.0,60.39
1.0,2.01
102.0,102.66
442.0,438.81
259.0,249.6
9.0,2.01
258.0,253.62
151.0,157.01
5.0,2.01
345.0,346.22
510.0,497.18
58.0,64.41
48.0,64.41
61.0,60.39
73.0,70.45
411.0,418.68
182.0,189.21
195.0,207.33
178.0,189.21
255.0,249.6
212.0,223.43
260.0,259.66
251.0,247.59
131.0,122.79
337.0,338.17
325.0,324.08
435.0,432.77
59.0,64.41
2.0,2.01
108.0,110.71
237.0,241.55
143.0,148.95
149.0,148.95
242.0,243.56
349.0,346.22
218.0,235.51
255.0,253.62
330.0,328.1
315.0,316.02
512.0,501.21
377.0,376.41
445.0,444.85
281.0,271.74
1.0,2.01
492.0,477.06
255.0,247.59
2.0,2.01
196.0,221.42
510.0,489.13
20.0,8.05
512.0,511.27
124.0,118.76
84.0,82.53
253.0,249.6
274.0,265.7
471.0,456.93
35.0,8.05
203.0,219.41
316.0,312.0
305.0,297.91
387.0,392.51
356.0,352.26
200.0,209.34
214.0,227.46
69.0,70.45
1.0,2.01
476.0,473.03
260.0,253.62
28.0,34.22
107.0,116.75
512.0,503.22
178.0,183.17
70.0,70.45
3.0,2.01
204.0,203.3
139.0,144.93
260.0,257.65
104.0,102.66
195.0,211.35
2.0,2.01
389.0,386.48
251.0,249.6
56.0,54.35
10.0,6.04
275.0,267.71
494.0,479.07
3.0,2.01
490.0,477.06
496.0,481.08
389.0,380.44
451.0,442.84
441.0,438.81
192.0,201.29
357.0,358.3
192.0,199.28
380.0,380.44
511.0,497.18
139.0,138.89
2.0,2.01
472.0,473.03
258.0,249.6
253.0,249.6
93.0,94.61
222.0,237.52
24.0,30.19
45.0,48.31
50.0,54.35
363.0,360.31
2.0,2.01
150.0,157.01
511.0,497.18
39.0,48.31
260.0,253.62
1.0,2.01
2.0,2.01
375.0,368.36
259.0,253.62
76.0,76.49
2.0,2.01
2.0,2.01
490.0,477.06
1.0,2.01
114.0,118.76
22.0,26.17
123.0,126.81
290.0,277.78
130.0,136.88
1.0,2.01
504.0,501.21
5.0,2.01
1.0,2.01
202.0,209.34
215.0,233.5
102.0,104.67
75.0,70.45
103.0,108.7
22.0,8.05
510.0,505.24
194.0,207.33
73.0,68.44
245.0,247.59
254.0,249.6
253.0,249.6
255.0,255.64
3.0,2.01
74.0,78.5
130.0,124.8
253.0,249.6
258.0,249.6
207.0,225.44
253.0,249.6
253.0,247.59
170.0,183.17
56.0,56.36
482.0,479.07
48.0,54.35
189.0,205.32
397.0,398.55
255.0,245.57
293.0,287.84
157.0,165.06
271.0,265.7
176.0,187.2
468.0,466.99
253.0,249.6
37.0,38.24
174.0,189.21
255.0,249.6
259.0,247.59
232.0,237.52
236.0,241.55
126.0,130.84
8.0,4.03
37.0,46.3
373.0,366.35
512.0,505.24
428.0,416.67
156.0,165.06
213.0,223.43
230.0,235.51
59.0,64.41
463.0,471.02
193.0,201.29
466.0,456.93
27.0,26.17
92.0,92.59
114.0,116.75
6.0,2.01
486.0,471.02
304.0,297.91
511.0,499.2
444.0,428.75
102.0,104.67
255.0,253.62
405.0,402.58
205.0,215.38
262.0,255.64
93.0,92.59
2.0,2.01
88.0,80.52
139.0,150.97
333.0,332.13
2.0,2.01
364.0,360.31
469.0,460.95
63.0,64.41
491.0,497.18
396.0,390.5
421.0,418.68
474.0,466.99
259.0,251.61
307.0,295.9
351.0,352.26
345.0,334.14
131.0,138.89
2.0,2.01
253.0,253.62
349.0,336.15
253.0,249.6
141.0,154.99
138.0,136.88
239.0,247.59
20.0,16.1
347.0,352.26
3.0,2.01
266.0,255.64
289.0,279.79
254.0,249.6
108.0,114.73
1.0,2.01
1.0,2.01
319.0,326.09
6.0,2.01
297.0,299.92
150.0,159.02
510.0,503.22
510.0,493.16
147.0,159.02
259.0,255.64
153.0,161.03
510.0,499.2
20.0,28.18
438.0,442.84
50.0,50.32
109.0,110.71
96.0,92.59
255.0,253.62
416.0,420.69
395.0,378.42
141.0,140.9
213.0,227.46
163.0,157.01
42.0,46.3
421.0,432.77
3.0,2.01
51.0,54.35
1.0,2.01
510.0,495.17
25.0,20.13
89.0,96.62
253.0,247.59
454.0,454.91
270.0,263.69
121.0,118.76
251.0,251.61
3.0,2.01
336.0,344.2
111.0,106.68
136.0,146.94
511.0,499.2
159.0,171.1
1.0,2.01
347.0,350.24
289.0,287.84
253.0,247.59
429.0,432.77
32.0,44.28
320.0,330.11
115.0,108.7
77.0,84.54
389.0,394.53
238.0,239.53
167.0,177.13
424.0,428.75
177.0,181.16
165.0,171.1
32.0,50.32
290.0,279.79
27.0,30.19
3.0,2.01
188.0,193.24
360.0,350.24
473.0,460.95
253.0,249.6
253.0,249.6
131.0,126.81
202.0,217.39
230.0,239.53
3.0,2.01
22.0,16.1
114.0,112.72
234.0,239.53
253.0,247.59
96.0,94.61
147.0,154.99
255.0,251.61
265.0,255.64
384.0,388.49
418.0,412.64
311.0,299.92
25.0,40.26
337.0,338.17
373.0,372.39
122.0,114.73
422.0,422.71
46.0,52.34
173.0,185.19
221.0,231.48
270.0,259.66
404.0,398.55
487.0,481.08
332.0,318.04
512.0,497.18
255.0,247.59
350.0,340.18
166.0,175.12
484.0,481.08
254.0,249.6
258.0,249.6
440.0,432.77
3.0,2.01
259.0,249.6
3.0,2.01
421.0,418.68
44.0,44.28
145.0,154.99
349.0,344.2
503.0,489.13
512.0,495.17
328.0,316.02
478.0,469.0
358.0,356.28
2.0,2.01
186.0,197.26
224.0,237.52
303.0,291.87
483.0,473.03
3.0,2.01
191.0,211.35
1.0,2.01
79.0,80.52
397.0,404.59
251.0,245.57
455.0,446.86
386.0,378.42
238.0,241.55
228.0,233.5
179.0,183.17
5.0,2.01
278.0,277.78
320.0,316.02
157.0,167.07
1.0,2.01
469.0,464.98
263.0,257.65
454.0,448.88
60.0,62.4
249.0,245.57
282.0,273.75
219.0,233.5
33.0,42.27
3.0,2.01
254.0,249.6
253.0,245.57
3.0,2.01
72.0,66.43
263.0,259.66
258.0,253.62
430.0,420.69
231.0,241.55
40.0,44.28
380.0,392.51
48.0,54.35
305.0,303.95
258.0,249.6
10.0,2.01
54.0,64.41
420.0,418.68
99.0,98.63
114.0,114.73
510.0,501.21
255.0,245.57
253.0,249.6
511.0,507.25
11.0,4.03
365.0,376.41
76.0,70.45
1.0,2.01
249.0,243.56
168.0,181.16
373.0,370.37
127.0,122.79
243.0,247.59
154.0,157.01
305.0,307.97
128.0,128.83
238.0,243.56
38.0,48.31
3.0,2.01
306.0,305.96
511.0,499.2
254.0,249.6
339.0,340.18
233.0,239.53
483.0,479.07
370.0,362.32
253.0,247.59
196.0,211.35
255.0,251.61
119.0,118.76
315.0,312.0
45.0,48.31
189.0,205.32
479.0,460.95
73.0,72.46
258.0,257.65
317.0,309.99
173.0,185.19
204.0,215.38
10.0,4.03
102.0,106.68
248.0,245.57
154.0,165.06
120.0,124.8
97.0,96.62
512.0,501.21
7.0,2.01
260.0,259.66
254.0,243.56
86.0,82.53
147.0,159.02
2.0,2.01
511.0,497.18
108.0,104.67
49.0,64.41
38.0,36.23
511.0,501.21
1.0,2.01
1.0,2.01
255.0,249.6
381.0,380.44
236.0,241.55
334.0,340.18
493.0,479.07
390.0,398.55
489.0,479.07
491.0,489.13
512.0,499.2
484.0,475.04
179.0,189.21
450.0,454.91
28.0,36.23
3.0,2.01
450.0,440.82
511.0,499.2
394.0,390.5
490.0,481.08
54.0,64.41
253.0,253.62
392.0,394.53
433.0,422.71
1.0,2.01
453.0,452.9
440.0,430.76
491.0,477.06
40.0,48.31
81.0,86.55
7.0,2.01
284.0,281.81
512.0,503.22
258.0,249.6
254.0,251.61
38.0,48.31
510.0,497.18
258.0,257.65
348.0,354.27
501.0,493.16
129.0,136.88
264.0,259.66
212.0,231.48
343.0,338.17
36.0,48.31
131.0,136.88
399.0,392.51
60.0,58.37
318.0,318.04
214.0,229.47
255.0,251.61
359.0,358.3
332.0,328.1
210.0,219.41
259.0,255.64
191.0,191.22
258.0,247.59
286.0,273.75
232.0,241.55
372.0,366.35
255.0,247.59
5.0,2.01
253.0,249.6
175.0,185.19
445.0,444.85
259.0,251.61
203.0,213.37
289.0,283.82
260.0,251.61
260.0,257.65
254.0,249.6
3.0,2.01
262.0,255.64
326.0,318.04
124.0,124.8
49.0,60.39
282.0,283.82
11.0,2.01
3.0,2.01
384.0,388.49
93.0,84.54
189.0,209.34
387.0,382.45
138.0,146.94
486.0,483.09
156.0,159.02
3.0,2.01
410.0,408.62
390.0,388.49
462.0,454.91
254.0,245.57
253.0,245.57
404.0,396.54
136.0,144.93
242.0,243.56
510.0,499.2
455.0,446.86
465.0,450.89
102.0,104.67
42.0,54.35
132.0,128.83
392.0,388.49
247.0,245.57
398.0,402.58
36.0,42.27
222.0,237.52
255.0,249.6
53.0,62.4
1.0,2.01
410.0,420.69
405.0,400.57
210.0,227.46
255.0,253.62
255.0,249.6
313.0,314.01
99.0,108.7
117.0,114.73
101.0,106.68
17.0,6.04
477.0,466.99
152.0,157.01
258.0,249.6
254.0,249.6
153.0,161.03
456.0,450.89
258.0,251.61
511.0,497.18
158.0,161.03
3.0,2.01
510.0,505.24
2.0,2.01
259.0,251.61
437.0,424.72
2.0,2.01
309.0,314.01
66.0,56.36
3.0,2.01
186.0,197.26
10.0,4.03
511.0,495.17
253.0,253.62
384.0,386.48
221.0,221.42
380.0,384.46
3.0,2.01
338.0,342.19
133.0,122.79
364.0,362.32
136.0,136.88
510.0,499.2
144.0,140.9
68.0,76.49
264.0,261.68
14.0,2.01
428.0,420.69
216.0,227.46
259.0,249.6
258.0,249.6
255.0,249.6
308.0,303.95
164.0,175.12
74.0,78.5
260.0,255.64
272.0,263.69
131.0,132.85
3.0,2.01
253.0,249.6
71.0,64.41
65.0,68.44
255.0,249.6
27.0,42.27
8.0,2.01
258.0,247.59
3.0,2.01
260.0,255.64
122.0,122.79
255.0,253.62
3.0,2.01
253.0,255.64
28.0,2.01
254.0,253.62
503.0,491.15
303.0,297.91
306.0,303.95
260.0,253.62
228.0,237.52
510.0,501.21
512.0,495.17
77.0,76.49
496.0,483.09
463.0,446.86
106.0,112.72
62.0,66.43
39.0,52.34
153.0,161.03
315.0,307.97
18.0,8.05
511.0,501.21
254.0,247.59
260.0,253.62
511.0,501.21
254.0,249.6
255.0,253.62
443.0,438.81
253.0,251.61
506.0,493.16
253.0,249.6
108.0,104.67
110.0,114.73
258.0,253.62
16.0,2.01
251.0,255.64
323.0,318.04
1.0,2.01
112.0,118.76
247.0,243.56
145.0,152.98
99.0,104.67
241.0,245.57
72.0,64.41
95.0,92.59
510.0,507.25
218.0,225.44
344.0,348.23
219.0,229.47
316.0,309.99
402.0,396.54
20.0,12.08
377.0,386.48
19.0,2.01
2.0,2.01
307.0,293.88
510.0,497.18
255.0,247.59
512.0,499.2
511.0,499.2
417.0,408.62
497.0,487.12
445.0,444.85
54.0,62.4
512.0,509.26
154.0,154.99
511.0,503.22
415.0,406.6
119.0,130.84
3.0,2.01
221.0,235.51
194.0,213.37
510.0,487.12
471.0,456.93
138.0,140.9
141.0,152.98
284.0,281.81
3.0,2.01
262.0,263.69
510.0,497.18
254.0,247.59
255.0,249.6
255.0,249.6
325.0,324.08
436.0,440.82
488.0,481.08
374.0,376.41
191.0,205.32
22.0,36.23
127.0,136.88
116.0,114.73
314.0,305.96
139.0,150.97
403.0,402.58
512.0,499.2
231.0,235.51
58.0,64.41
253.0,249.6
255.0,249.6
507.0,485.11
491.0,466.99
146.0,157.01
53.0,62.4
254.0,249.6
40.0,48.31
253.0,253.62
409.0,412.64
220.0,227.46
349.0,354.27
229.0,239.53
155.0,167.07
9.0,8.05
488.0,485.11
3.0,2.01
417.0,420.69
61.0,66.43
341.0,336.15
445.0,430.76
2.0,2.01
511.0,495.17
483.0,466.99
80.0,86.55
241.0,243.56
494.0,489.13
506.0,489.13
273.0,265.7
74.0,74.48
240.0,243.56
258.0,251.61
259.0,249.6
253.0,251.61
2.0,2.01
321.0,309.99
260.0,253.62
258.0,249.6
412.0,416.67
3.0,2.01
3.0,2.01
83.0,72.46
254.0,251.61
382.0,372.39
490.0,483.09
511.0,499.2
183.0,193.24
69.0,72.46
237.0,239.53
255.0,259.66
228.0,231.48
419.0,420.69
258.0,251.61
255.0,249.6
1.0,2.01
132.0,146.94
512.0,505.24
485.0,475.04
309.0,297.91
291.0,287.84
134.0,144.93
190.0,207.33
74.0,68.44
89.0,90.58
253.0,249.6
125.0,126.81
254.0,249.6
357.0,352.26
172.0,183.17
38.0,48.31
422.0,430.76
203.0,211.35
259.0,255.64
441.0,440.82
54.0,60.39
1.0,2.01
89.0,80.52
370.0,370.37
2.0,0.0
258.0,255.64
412.0,414.66
1.0,2.01
69.0,70.45
496.0,497.18
105.0,102.66
393.0,398.55
192.0,199.28
438.0,444.85
326.0,318.04
512.0,507.25
3.0,2.01
411.0,404.59
260.0,247.59
429.0,428.75
255.0,247.59
218.0,229.47
274.0,265.7
164.0,171.1
315.0,309.99
54.0,60.39
355.0,354.27
377.0,360.31
163.0,165.06
41.0,50.32
343.0,340.18
1.0,2.01
200.0,209.34
342.0,332.13
464.0,452.9
507.0,489.13
85.0,84.54
285.0,279.79
206.0,219.41
31.0,36.23
499.0,487.12
391.0,384.46
371.0,362.32
389.0,386.48
426.0,418.68
89.0,96.62
511.0,513.29
113.0,114.73
511.0,505.24
189.0,193.24
511.0,497.18
12.0,6.04
275.0,271.74
253.0,245.57
506.0,493.16
322.0,301.93
316.0,305.96
3.0,2.01
259.0,255.64
437.0,430.76
289.0,281.81
259.0,249.6
42.0,50.32
468.0,469.0
403.0,400.57
254.0,255.64
254.0,253.62
197.0,207.33
21.0,24.15
73.0,76.49
293.0,283.82
130.0,132.85
32.0,48.31
260.0,251.61
33.0,44.28
390.0,384.46
