y1_test,y_predicted
17.74338888888889,17.7
16.758277777777778,16.63
19.0175,20.92
15.7305,16.0
20.625611111111112,21.28
17.908333333333335,18.15
17.195333333333334,16.9
19.822833333333335,20.47
16.03661111111111,16.0
17.17538888888889,17.97
16.38072222222222,16.63
20.279722222222222,20.38
17.890444444444444,18.06
15.880666666666665,16.0
17.35461111111111,17.25
17.763833333333334,17.7
15.938,16.0
17.911,18.06
21.60961111111111,21.28
17.78027777777778,16.0
20.87038888888889,16.0
16.81972222222222,16.0
18.5595,16.0
15.8355,16.0
17.427777777777777,16.09
18.028055555555554,16.0
16.06411111111111,16.0
15.693277777777777,16.0
19.174,16.09
15.874833333333335,16.0
15.858444444444444,16.0
18.11583333333333,16.0
17.52583333333333,16.27
15.835833333333333,16.0
17.458166666666667,16.0
18.019333333333336,16.0
16.0375,16.0
15.973666666666666,16.0
15.877333333333334,16.09
15.874777777777776,16.0
18.34711111111111,17.97
19.529444444444444,17.16
21.359944444444444,20.92
17.11461111111111,16.0
18.53633333333333,16.0
16.15372222222222,16.0
18.18177777777778,16.0
15.882055555555556,16.0
18.31088888888889,16.45
19.391111111111112,16.0
17.6785,16.0
17.22361111111111,16.09
17.596111111111114,16.36
20.429,16.0
16.428,16.0
17.728333333333335,16.0
16.423166666666667,16.0
17.628888888888888,16.09
18.397499999999997,16.0
21.732722222222222,18.33
20.77861111111111,16.0
15.896055555555556,16.0
17.30638888888889,16.09
18.854888888888887,16.09
19.357666666666667,16.09
17.034777777777776,17.52
17.897333333333332,18.24
20.03322222222222,18.42
18.92233333333333,19.67
17.1055,16.9
19.885944444444444,18.33
18.4185,17.97
17.133388888888888,18.68
17.539277777777777,18.06
18.198055555555555,17.97
17.620555555555555,17.7
16.36311111111111,16.27
17.910722222222223,17.97
15.79738888888889,16.0
18.46366666666667,17.7
19.153055555555554,20.74
17.367666666666665,17.52
19.819499999999998,22.53
15.79027777777778,16.18
17.512166666666666,17.52
16.325222222222223,16.0
15.903388888888891,16.09
15.96572222222222,16.09
17.94011111111111,17.97
18.000222222222224,18.06
15.66638888888889,16.0
21.83427777777778,21.9
21.238166666666665,18.95
17.740666666666666,17.61
17.56561111111111,17.43
21.60961111111111,21.1
17.86338888888889,17.97
15.887500000000001,16.09
15.838555555555555,16.0
17.66638888888889,17.7
17.925444444444445,17.52
17.22361111111111,17.08
16.158277777777776,16.09
17.8215,22.8
19.822833333333335,20.47
17.997722222222222,18.33
20.274055555555556,21.19
17.617611111111113,17.7
17.381,17.25
20.621222222222222,18.68
18.133666666666667,17.97
18.64172222222222,18.33
15.776944444444446,16.0
15.728944444444444,16.0
17.749499999999998,16.0
17.76522222222222,16.0
21.564444444444447,16.09
17.58683333333333,16.0
17.027722222222224,16.0
15.751888888888889,16.0
17.862444444444446,16.0
17.320944444444443,16.0
17.93972222222222,16.0
15.855666666666666,16.0
19.347055555555556,16.0
18.017722222222222,16.0
17.832,16.45
15.970944444444447,16.0
17.488,16.0
16.35988888888889,16.0
17.346666666666668,16.0
17.60422222222222,16.0
16.90238888888889,16.0
17.788444444444444,16.0
16.333055555555557,16.0
17.831055555555555,16.0
17.213555555555555,16.0
18.03066666666667,17.7
20.87088888888889,21.28
18.816,18.77
17.47088888888889,18.33
15.932,16.18
17.618555555555556,18.24
17.672944444444443,17.43
17.935722222222225,17.97
17.634777777777778,17.25
15.753499999999999,16.0
20.670944444444444,18.59
17.402333333333335,17.34
16.386777777777777,16.09
16.109166666666667,16.09
18.31088888888889,17.43
17.798833333333334,16.09
15.877333333333334,16.09
26.122055555555555,16.0
16.35227777777778,16.0
20.796833333333336,16.0
18.3375,16.0
17.61561111111111,16.09
17.922,16.0
21.772444444444446,16.0
18.083944444444445,16.0
17.231166666666667,16.0
15.829833333333333,16.09
16.235166666666668,16.0
16.879277777777776,16.0
16.605444444444444,16.09
17.82772222222222,16.09
15.931166666666668,16.0
15.749055555555556,16.45
19.14311111111111,16.99
17.883111111111113,20.38
17.567333333333334,16.09
17.39927777777778,16.09
20.429,19.67
15.865666666666666,16.0
15.54138888888889,16.09
15.935944444444443,16.0
17.507777777777775,16.0
18.982444444444447,16.0
18.226777777777777,16.18
21.28338888888889,16.0
15.989333333333333,16.0
18.019444444444446,16.0
16.104,21.72
21.559,16.0
15.879222222222223,16.0
20.951555555555554,16.0
18.81377777777778,16.0
15.767722222222224,16.0
21.680444444444444,16.0
17.591055555555556,16.0
17.997722222222222,16.0
16.744722222222222,16.0
15.798777777777778,16.09
17.920277777777777,16.0
19.244500000000002,19.04
17.466722222222224,17.52
16.722388888888887,16.18
18.154611111111112,17.97
17.874333333333333,17.7
17.225,16.72
17.868555555555556,18.06
21.977555555555554,22.53
19.524944444444444,17.25
21.313333333333333,20.38
18.202444444444446,17.97
17.436666666666667,22.8
18.319944444444445,17.34
17.675055555555556,17.61
17.64161111111111,17.61
16.356944444444444,16.0
17.618555555555556,18.24
16.932055555555554,17.08
21.6685,21.46
19.12172222222222,19.67
18.397499999999997,17.43
15.977500000000001,16.0
15.847277777777776,16.0
17.98122222222222,17.61
17.93972222222222,17.88
17.152611111111113,16.72
15.895833333333334,16.0
17.987055555555557,17.97
16.311500000000002,16.0
15.906166666666666,16.0
18.39638888888889,18.15
17.171277777777775,17.61
17.554666666666666,16.81
17.756222222222224,16.0
17.883555555555557,16.0
17.766888888888886,16.09
15.82888888888889,16.0
17.327444444444446,16.0
18.3645,16.0
16.92227777777778,16.0
17.55761111111111,16.0
22.022499999999997,16.0
16.11327777777778,16.0
15.825833333333334,16.0
26.204833333333333,16.0
17.672944444444443,16.0
19.55816666666667,16.0
17.580333333333336,16.0
17.2215,16.0
20.377444444444443,16.0
17.750666666666667,16.0
15.802833333333334,16.09
17.527277777777776,16.36
17.771444444444445,18.42
16.411388888888887,16.0
20.893555555555555,16.09
17.084166666666665,19.22
19.939,16.0
17.67672222222222,16.09
15.847388888888888,16.0
18.886666666666667,16.0
17.290499999999998,16.09
15.960833333333333,16.99
17.878,17.97
16.136499999999998,16.0
17.01422222222222,16.81
17.993166666666667,18.06
17.95211111111111,17.25
15.869999999999997,17.25
15.802166666666668,16.0
19.3725,21.99
18.125555555555554,17.97
18.05927777777778,18.06
17.750444444444444,18.24
16.452944444444444,16.09
16.495833333333334,17.79
15.956000000000001,16.54
17.741777777777777,17.7
17.84916666666667,17.97
20.607777777777777,19.49
15.864833333333333,16.54
15.809833333333334,16.0
17.709777777777777,17.88
21.0955,19.22
17.758611111111108,17.52
16.322222222222223,17.16
20.796833333333336,21.9
17.432111111111112,19.94
19.119666666666667,19.49
18.33211111111111,17.7
17.459833333333332,20.56
18.847277777777776,20.56
17.51516666666667,17.61
15.947833333333332,22.8
16.054111111111112,16.45
17.566166666666664,17.7
17.941277777777778,20.56
20.940555555555555,20.74
16.34594444444444,16.9
17.40683333333333,17.88
18.021555555555555,17.7
20.152166666666666,19.04
16.824722222222224,16.45
17.613777777777777,17.7
15.793555555555555,16.0
15.8475,16.0
17.656055555555554,17.7
15.87961111111111,16.0
18.145444444444443,19.67
20.590166666666665,21.37
19.0175,20.2
16.401111111111113,16.81
17.74338888888889,17.7
17.728333333333335,17.08
17.840222222222224,18.33
18.179777777777776,18.33
18.379611111111114,20.2
21.87816666666667,16.0
21.944111111111113,16.0
19.809555555555555,16.09
17.133888888888887,16.0
17.369555555555554,16.0
19.957444444444445,16.0
17.51033333333333,16.0
15.898111111111112,16.0
17.942722222222223,16.0
15.892555555555557,16.0
17.998611111111114,16.09
17.686944444444446,20.56
17.75011111111111,16.45
17.369333333333334,16.0
17.91133333333333,16.27
17.043277777777778,16.09
16.080166666666667,16.09
16.2865,16.0
18.82361111111111,16.0
15.874777777777776,16.0
17.831055555555555,17.61
15.751888888888889,16.0
15.76511111111111,16.0
17.880499999999998,17.97
17.22588888888889,17.34
17.744944444444442,17.7
16.871666666666666,17.08
16.480166666666666,16.36
17.797555555555554,17.88
15.724555555555558,16.81
16.385222222222225,16.54
17.72972222222222,17.34
17.675055555555556,17.7
19.032888888888888,18.06
15.833444444444446,16.72
15.877222222222223,16.09
16.085722222222223,16.0
16.212055555555555,16.0
17.97572222222222,19.04
17.789833333333334,21.1
18.031388888888888,17.34
15.939944444444443,16.09
21.615444444444446,21.46
15.879222222222223,16.0
17.696777777777775,17.61
21.6335,22.62
19.119666666666667,19.67
21.144944444444445,18.51
15.864833333333333,16.99
16.277722222222224,16.09
19.357666666666667,17.34
16.003944444444446,16.0
18.2005,17.52
18.372722222222222,16.72
15.984444444444446,16.0
17.564277777777775,16.45
16.461277777777777,16.36
17.596111111111114,17.16
17.794111111111114,17.61
19.440166666666666,20.29
17.80361111111111,18.06
15.83888888888889,16.09
16.403000000000002,16.9
16.00161111111111,16.0
17.251,17.16
16.241777777777777,16.0
17.785833333333333,17.79
17.752555555555556,18.15
19.367611111111113,21.99
16.373444444444445,16.81
19.069666666666667,18.59
19.74738888888889,19.49
15.87411111111111,16.09
19.74738888888889,19.76
16.409777777777776,16.27
17.28472222222222,17.61
15.87038888888889,16.0
16.257277777777777,16.0
16.14561111111111,16.0
15.769222222222222,16.0
17.970666666666666,17.97
18.185222222222222,17.16
19.921444444444447,17.79
15.855666666666666,16.0
18.049,17.16
17.95788888888889,18.06
15.82922222222222,16.0
16.13211111111111,16.0
20.456555555555557,21.19
17.338555555555555,17.16
17.75638888888889,17.88
17.982,17.97
16.231555555555556,16.0
17.5565,17.08
16.252388888888888,16.0
17.31738888888889,17.52
17.642222222222223,17.43
20.048055555555557,20.47
17.497777777777777,18.24
15.9045,16.09
16.37466666666667,17.52
15.785666666666666,16.0
16.246388888888887,16.45
17.890888888888888,17.97
17.229833333333332,16.81
15.84388888888889,16.0
17.503944444444446,17.43
17.6785,17.25
15.865666666666666,16.0
15.989555555555556,16.0
17.991388888888892,17.97
17.217666666666666,17.25
16.249833333333335,16.09
21.607777777777777,22.26
15.7305,16.0
21.144944444444445,21.81
17.66272222222222,17.61
17.558944444444442,16.63
18.698055555555555,18.06
16.654611111111112,16.81
15.743166666666667,16.0
18.010166666666667,19.22
19.308944444444446,19.85
16.138555555555556,16.09
20.166555555555554,21.37
16.705277777777777,17.16
19.569222222222223,20.29
17.682055555555554,17.34
17.513166666666667,16.81
16.758277777777778,16.81
17.623333333333335,17.7
15.738055555555556,16.9
15.929388888888887,16.0
16.11327777777778,19.76
17.905,16.0
15.966777777777777,16.0
17.55761111111111,16.09
17.074722222222224,16.09
17.641888888888886,16.0
21.390666666666664,16.0
17.795944444444444,16.0
17.029666666666667,16.0
16.2865,16.0
18.133666666666667,16.09
16.085722222222223,16.0
21.906166666666664,16.0
16.01788888888889,16.0
17.86338888888889,16.0
17.537222222222223,16.0
17.644,16.09
17.51038888888889,16.0
17.840222222222224,16.0
17.334999999999997,16.09
19.216333333333335,22.17
16.385444444444445,16.0
20.895055555555555,21.28
17.59261111111111,17.7
17.36938888888889,17.88
16.945888888888888,17.08
16.291055555555555,16.0
19.032888888888888,18.06
16.10661111111111,16.09
17.883555555555557,17.88
15.798388888888887,16.0
16.8275,17.08
15.869666666666667,16.0
16.409777777777776,16.27
18.18177777777778,17.88
16.924,16.63
15.894333333333334,16.0
15.799944444444444,16.0
20.387999999999998,21.37
17.38383333333333,17.25
20.215999999999998,17.7
17.28227777777778,16.27
20.411777777777775,20.56
19.487833333333334,18.95
21.885055555555553,21.28
20.53861111111111,21.28
16.112499999999997,16.0
19.367611111111113,18.95
15.891444444444444,16.9
15.773055555555556,16.0
15.812722222222224,16.54
17.42088888888889,18.51
15.875277777777777,16.09
15.878166666666667,16.0
15.931,16.09
19.441666666666666,22.8
16.461277777777777,16.27
20.951555555555554,21.37
15.907277777777779,16.09
18.372722222222222,17.34
18.10088888888889,17.97
17.029444444444447,16.54
15.938888888888888,16.0
15.910277777777777,19.31
17.821555555555555,17.61
21.34277777777778,22.53
16.149444444444445,16.0
17.67561111111111,17.52
15.998444444444443,16.0
17.650444444444446,17.79
17.207444444444445,17.43
18.56761111111111,16.81
17.950222222222223,17.97
16.084833333333332,16.0
17.31211111111111,17.25
17.6525,17.25
16.49272222222222,16.63
15.873222222222223,16.0
17.48111111111111,17.16
20.796833333333336,18.77
17.713222222222225,18.06
17.355777777777778,16.81
21.545944444444444,21.72
17.90405555555556,17.97
17.792944444444444,18.06
16.146666666666665,17.25
20.411777777777775,21.99
15.926444444444444,16.27
16.205166666666667,16.45
18.144333333333336,17.97
15.955944444444444,16.54
16.234388888888887,17.08
16.94988888888889,16.99
16.325833333333335,16.63
15.928555555555555,16.0
18.732666666666667,19.76
16.18272222222222,16.0
20.36388888888889,20.2
18.071444444444445,17.88
17.941,19.58
16.31088888888889,16.09
17.93272222222222,17.88
17.970666666666666,17.97
17.47088888888889,16.81
16.179666666666666,16.09
17.513166666666667,16.72
15.960833333333333,16.81
21.34,22.17
16.002444444444443,17.25
16.29372222222222,16.0
17.481166666666667,18.24
15.93311111111111,16.9
16.09511111111111,16.09
16.90238888888889,17.25
17.37538888888889,17.7
19.391111111111112,17.16
19.513444444444445,20.38
15.949388888888889,16.09
17.557666666666666,17.34
15.889333333333333,16.0
18.306055555555556,18.15
15.83088888888889,16.09
17.771444444444445,17.97
15.851888888888888,16.0
17.647277777777777,17.61
16.095555555555553,16.18
16.332944444444443,16.54
18.09911111111111,19.13
18.81577777777778,18.06
15.883444444444443,16.0
17.42088888888889,17.79
17.290499999999998,20.03
21.680444444444444,22.53
18.145444444444443,19.76
15.943833333333336,16.0
17.49888888888889,17.7
17.276777777777777,17.88
19.274833333333333,21.19
16.051111111111112,16.9
17.05561111111111,22.8
18.982833333333335,18.77
17.840833333333332,17.97
16.11327777777778,16.63
17.626,17.43
17.727944444444447,17.88
17.127944444444445,16.72
15.773444444444445,16.0
17.814888888888888,17.61
16.37466666666667,17.52
18.715555555555554,18.15
18.259833333333333,17.34
16.944277777777778,16.45
17.886222222222223,17.25
17.786166666666666,19.67
17.051333333333332,17.08
20.180111111111113,20.11
17.465833333333332,17.7
18.704444444444444,18.51
21.680111111111113,18.42
17.91422222222222,18.06
15.799333333333331,16.09
16.504444444444445,17.08
21.28338888888889,20.2
17.87488888888889,17.7
16.870833333333334,17.43
17.644,17.43
21.654333333333334,22.44
15.966777777777777,16.54
15.846277777777779,16.9
16.461277777777777,16.09
15.816444444444446,16.72
17.4685,16.0
18.60677777777778,16.09
18.18316666666667,16.0
15.773277777777777,16.18
17.3965,16.0
17.85311111111111,16.09
18.00061111111111,16.0
15.87611111111111,16.09
17.86138888888889,16.0
17.513166666666667,16.09
15.886888888888889,16.0
15.819111111111113,16.0
15.82922222222222,16.0
16.914166666666667,16.0
17.851222222222223,16.0
15.725999999999999,16.0
16.149444444444445,16.0
17.540777777777777,16.0
15.837722222222222,16.0
17.930333333333333,16.09
18.698055555555555,18.06
17.72088888888889,17.61
17.54827777777778,17.25
17.644055555555557,17.7
16.231555555555556,16.0
17.79733333333333,17.34
17.655555555555555,17.88
16.985888888888887,17.43
18.062555555555555,18.06
16.138555555555556,17.43
18.154611111111112,17.97
20.048055555555557,20.47
17.941277777777778,20.38
17.826555555555554,17.97
15.87961111111111,16.09
15.836611111111113,16.0
17.874333333333333,17.52
15.85538888888889,16.18
17.807944444444445,16.81
15.874777777777776,16.09
15.774111111111113,16.0
17.310388888888887,17.97
15.93277777777778,16.09
20.148944444444442,18.15
20.573333333333334,20.65
19.163666666666668,19.49
17.756333333333334,17.7
17.33716666666667,17.43
17.5625,17.7
17.539277777777777,18.06
21.734555555555556,22.26
16.857222222222223,17.08
17.941333333333333,18.15
17.45422222222222,17.61
18.73688888888889,18.33
18.098777777777777,17.34
17.792944444444444,17.97
16.141222222222222,16.09
17.20588888888889,17.7
20.306722222222223,20.11
18.749277777777777,17.43
16.373444444444445,16.63
15.764999999999999,16.54
15.887444444444444,16.0
17.742555555555555,17.97
21.79011111111111,19.67
16.236666666666665,16.0
16.136222222222223,16.0
15.795388888888889,16.09
18.550944444444443,16.99
15.973666666666666,16.27
16.956666666666663,18.51
21.696055555555557,21.9
21.772444444444446,21.19
17.840833333333332,17.97
20.421499999999998,18.15
20.245777777777775,22.53
16.89888888888889,17.08
17.015333333333334,17.16
15.810388888888887,16.36
16.325222222222223,16.0
17.815333333333335,17.7
21.61622222222222,22.17
16.261388888888888,16.09
15.931,16.09
17.404777777777777,17.43
21.70711111111111,20.29
18.799500000000002,18.15
17.404777777777777,17.34
17.404833333333332,16.9
20.633055555555554,18.15
15.877222222222223,16.09
19.529444444444444,20.2
15.879333333333335,16.09
18.715555555555554,18.06
16.799222222222223,17.25
20.41511111111111,21.01
17.713222222222225,18.06
20.64688888888889,20.92
16.88438888888889,17.43
16.250500000000002,16.09
17.95138888888889,17.97
17.114,17.08
17.299777777777777,17.25
16.200555555555557,16.09
22.022499999999997,21.9
16.229888888888887,16.54
15.749888888888888,16.09
17.6525,17.79
15.842555555555556,16.09
17.613444444444443,17.52
15.991666666666667,16.0
16.402166666666666,16.0
17.237944444444445,17.08
15.857888888888889,16.0
17.868555555555556,18.06
17.19088888888889,17.61
20.718777777777778,20.29
15.83088888888889,16.09
15.726833333333332,16.0
19.106444444444445,17.52
20.4125,21.01
16.945888888888888,16.99
19.78911111111111,19.76
20.808277777777775,21.01
16.0655,16.09
17.976166666666664,17.52
15.917777777777777,16.0
15.997277777777779,16.27
17.029666666666667,17.61
18.557166666666667,20.65
15.958555555555556,16.0
15.835333333333333,17.25
26.042777777777776,16.09
15.754611111111112,16.81
17.880499999999998,16.0
16.057444444444442,16.0
17.027722222222224,16.0
15.967333333333332,16.09
17.929333333333332,16.0
15.783111111111111,16.0
18.062555555555555,16.36
16.119333333333334,16.63
21.725055555555556,16.0
17.25511111111111,16.09
18.424111111111113,16.0
15.832500000000001,16.0
17.868111111111112,16.0
20.590166666666665,19.49
16.06411111111111,16.18
16.524944444444444,16.0
18.847277777777776,16.0
18.1295,16.0
17.897333333333332,18.15
17.658666666666665,17.7
16.428,16.99
18.130222222222223,20.47
17.895722222222222,17.97
17.511277777777778,16.36
16.294444444444444,16.09
18.3645,17.97
15.913000000000002,16.0
16.25572222222222,16.0
16.079833333333333,16.72
15.887500000000001,16.09
21.91672222222222,22.26
17.231166666666667,17.61
17.941333333333333,17.97
17.991388888888892,17.97
17.80338888888889,17.7
15.973333333333333,16.0
17.447944444444445,18.24
15.836611111111113,16.0
15.933222222222222,16.09
17.645666666666667,16.72
17.580444444444442,17.43
18.60677777777778,21.19
16.267611111111112,16.0
19.444833333333335,18.15
20.377444444444443,22.53
17.982,18.06
18.021,18.06
16.13211111111111,16.0
17.94938888888889,17.97
17.626,16.9
18.397499999999997,17.52
18.565055555555556,17.16
15.867055555555554,18.51
16.017333333333333,16.0
15.863277777777776,16.0
20.520666666666667,20.47
15.933222222222222,16.45
17.807555555555556,17.43
15.926555555555556,16.45
18.133666666666667,18.06
15.867055555555554,18.95
21.70711111111111,22.17
15.795277777777777,16.0
18.50472222222222,18.33
15.868944444444445,16.0
17.993777777777776,17.88
15.857944444444444,17.25
15.863277777777776,16.0
17.251,17.88
16.14561111111111,16.0
20.429,20.03
18.517222222222223,20.56
20.940555555555555,21.63
15.802944444444446,16.0
17.39138888888889,17.97
16.37438888888889,16.0
18.872333333333334,18.77
18.20138888888889,18.15
21.313944444444445,21.1
15.941944444444443,16.0
16.287444444444443,16.0
16.38533333333333,16.0
19.916944444444443,22.62
17.85611111111111,18.24
17.82322222222222,17.43
17.768833333333333,17.61
18.162166666666664,17.79
17.51038888888889,17.52
15.927388888888888,16.0
15.802222222222222,16.0
16.01172222222222,16.0
17.508333333333333,17.34
15.794055555555556,16.18
18.99683333333333,21.63
18.673666666666666,18.06
17.820666666666668,17.88
19.501444444444445,21.9
17.529555555555554,17.61
17.6885,17.43
16.872333333333334,17.08
20.140277777777776,20.56
17.154,17.16
15.876388888888888,16.18
15.802555555555557,16.72
17.824666666666666,18.06
16.758277777777778,16.81
20.410666666666668,18.59
17.670277777777777,17.97
16.8895,16.9
15.911999999999999,16.0
15.93277777777778,16.0
15.800055555555556,16.09
15.931166666666668,16.0
18.800055555555556,21.37
15.739333333333333,16.0
15.903166666666667,16.0
16.37438888888889,16.09
16.02911111111111,16.0
18.133666666666667,18.06
16.495833333333334,17.61
15.863666666666667,16.09
15.83838888888889,16.18
20.014555555555557,18.95
17.47938888888889,17.25
15.87611111111111,16.0
18.363666666666667,18.06
17.029666666666667,16.9
20.396722222222223,19.94
17.277944444444444,16.0
16.9805,16.36
18.044166666666666,16.0
21.31561111111111,16.09
17.48483333333333,16.0
15.754611111111112,17.25
15.876388888888888,16.27
16.291555555555554,16.0
17.24838888888889,16.0
17.958777777777776,16.0
15.681944444444444,16.0
16.349888888888888,21.1
15.835722222222223,16.0
17.547666666666668,16.0
20.590166666666665,19.85
18.474944444444443,16.09
17.00161111111111,16.09
21.764166666666668,16.0
20.993277777777777,16.0
15.830111111111112,16.0
17.461277777777777,17.7
20.881166666666665,18.24
20.53861111111111,20.03
15.794055555555556,16.09
18.424111111111113,18.24
16.263222222222222,16.0
16.264111111111113,16.72
19.157333333333334,19.13
19.478666666666665,17.79
16.212055555555555,16.0
17.04411111111111,16.99
21.757277777777777,16.0
17.213555555555555,16.09
20.041666666666668,16.09
18.049,16.09
17.771444444444445,16.0
21.73288888888889,16.09
16.06411111111111,16.0
16.30011111111111,16.0
19.7245,16.0
15.833388888888887,16.0
17.75638888888889,16.0
16.002444444444443,16.0
16.36311111111111,16.0
18.014833333333332,16.0
17.171777777777777,16.0
17.476833333333335,16.09
16.933222222222224,16.0
18.982444444444447,17.16
17.787555555555556,16.0
17.290055555555554,16.0
18.2005,17.79
16.036722222222224,16.09
16.860722222222222,17.34
17.66272222222222,17.16
15.834388888888888,16.99
17.826944444444443,17.97
17.217666666666666,17.25
16.001444444444445,16.0
18.148944444444442,17.7
16.898833333333336,16.9
18.928888888888892,18.15
15.977500000000001,16.0
15.788555555555556,16.0
15.975277777777778,16.09
16.234444444444442,16.09
15.773055555555556,16.0
21.30811111111111,16.0
20.922777777777778,16.0
19.08088888888889,16.0
17.40561111111111,16.0
20.826611111111113,16.0
15.827944444444446,16.0
15.836222222222224,16.0
17.155444444444445,16.0
16.87022222222222,16.0
16.406944444444445,16.0
16.136499999999998,16.0
18.34711111111111,16.09
16.951833333333333,16.0
17.7745,16.0
17.678444444444445,16.0
21.962222222222223,16.0
18.734333333333336,16.0
15.66638888888889,16.09
17.914833333333334,17.97
15.864833333333333,16.54
20.041666666666668,18.68
15.86261111111111,18.06
20.313944444444445,20.92
15.804277777777777,16.0
17.911,18.06
17.650444444444446,17.79
17.786055555555556,17.43
17.9825,17.79
15.830444444444444,16.09
16.953500000000002,17.25
15.979999999999999,16.0
18.053055555555556,18.06
16.187666666666665,16.0
17.580166666666667,17.61
17.098055555555554,17.61
15.8755,16.0
16.35988888888889,16.0
16.953500000000002,17.43
17.36,17.52
16.024,16.09
15.848555555555556,16.09
15.844999999999999,16.0
17.152611111111113,16.63
16.890611111111113,16.9
17.826,17.79
17.595833333333335,17.88
17.674999999999997,17.97
15.83838888888889,16.36
17.832,17.97
21.940555555555555,21.81
17.658666666666665,17.79
16.860722222222222,17.34
15.871944444444445,18.06
17.19088888888889,17.79
21.327777777777776,20.65
18.179944444444445,17.61
17.762222222222224,17.88
17.728333333333335,17.08
16.31127777777778,16.0
15.800055555555556,16.09
16.866666666666667,17.34
17.82477777777778,17.61
15.63227777777778,16.27
15.7795,16.09
17.63611111111111,17.52
17.481166666666667,18.06
16.056333333333335,16.0
19.921444444444447,21.19
15.79027777777778,16.09
18.179944444444445,17.79
20.64688888888889,20.11
15.811277777777779,16.09
16.204722222222223,16.0
15.902333333333335,16.0
18.715555555555554,17.88
18.226777777777777,17.43
20.4125,20.03
16.356944444444444,16.09
15.940000000000001,17.08
17.17538888888889,17.25
21.144944444444445,18.42
21.76677777777778,20.2
19.227722222222223,19.85
16.49561111111111,16.0
18.978444444444445,16.09
17.44666666666667,16.0
18.751055555555556,16.09
19.153055555555554,16.0
16.063555555555556,16.09
20.091388888888886,16.0
19.566222222222223,16.0
20.12972222222222,16.0
17.468277777777775,20.29
18.198055555555555,16.0
16.504444444444445,16.0
17.5805,16.0
18.82361111111111,16.09
17.171277777777775,16.0
15.938888888888888,16.0
17.752555555555556,16.0
18.034000000000002,16.09
17.658722222222224,16.0
16.94988888888889,16.09
17.326277777777776,17.79
16.112499999999997,16.0
17.488,17.61
17.798833333333334,17.7
21.19688888888889,22.17
16.978166666666667,18.06
18.053055555555556,20.74
15.96572222222222,16.0
17.523166666666665,17.43
21.447666666666667,22.44
15.95061111111111,16.0
17.534666666666666,17.61
16.284388888888888,16.63
16.080166666666667,16.09
15.865722222222225,16.09
16.78183333333333,16.36
19.672055555555556,17.61
16.953500000000002,17.43
21.869222222222223,20.56
17.661722222222224,17.7
16.396444444444445,16.09
17.477333333333334,18.42
17.91477777777778,17.97
15.7635,16.0
15.772055555555555,16.0
15.764999999999999,16.81
16.169,16.0
18.191166666666668,18.15
15.87627777777778,16.0
16.7365,17.08
16.019388888888887,16.36
19.12172222222222,20.74
17.6885,17.08
17.701333333333334,17.88
15.908944444444444,16.0
18.19322222222222,16.72
17.808333333333334,18.15
15.90138888888889,16.0
17.70988888888889,17.61
16.160666666666668,16.0
15.84361111111111,16.9
17.627388888888888,17.7
17.49366666666667,17.79
17.75327777777778,17.61
20.424944444444446,16.99
16.412666666666667,16.27
15.851166666666668,16.09
20.94977777777778,17.97
17.28227777777778,16.27
18.076166666666666,18.15
17.9665,18.24
15.793500000000002,17.43
18.066166666666664,17.43
16.345555555555553,16.45
17.726777777777777,17.61
21.540944444444442,18.77
21.0955,19.31
17.831055555555555,17.61
20.45266666666667,20.11
17.371222222222222,17.43
16.95761111111111,17.08
16.428,16.81
15.93988888888889,16.09
19.14311111111111,18.95
18.130055555555558,17.7
18.730055555555555,19.04
17.374055555555557,16.27
17.512944444444443,16.0
18.319333333333333,16.0
15.87338888888889,16.0
19.202388888888887,16.0
16.20288888888889,16.09
17.4685,16.54
19.106055555555557,16.0
16.737944444444445,16.0
15.776000000000002,16.0
15.838166666666666,16.0
18.184055555555556,16.09
18.148944444444442,16.0
17.367666666666665,16.36
15.864944444444445,16.36
17.51038888888889,16.0
19.62011111111111,16.0
16.263666666666666,16.0
16.293999999999997,16.09
17.270666666666667,16.18
16.048333333333332,16.0
20.94188888888889,16.0
17.926833333333335,16.0
17.97572222222222,16.0
16.215111111111113,18.77
17.1165,16.0
18.084055555555555,17.79
15.859833333333333,17.43
17.665388888888888,17.79
15.818722222222224,16.09
17.9825,18.06
17.231944444444444,16.72
16.807111111111112,16.81
16.33588888888889,16.0
17.51788888888889,17.08
17.792722222222224,17.61
17.374055555555557,16.0
18.191166666666668,16.0
18.499222222222222,16.0
18.496722222222225,16.09
15.777666666666667,16.0
21.869500000000002,16.0
19.630000000000003,16.09
17.531722222222225,16.0
17.749499999999998,16.0
15.902333333333335,16.0
18.939888888888888,16.0
17.267555555555557,16.0
17.618388888888887,16.09
17.314666666666668,16.09
18.083944444444445,16.0
17.154,16.0
15.940000000000001,16.0
17.43894444444444,16.0
17.639888888888887,16.0
17.326277777777776,16.0
18.133666666666667,16.09
16.16033333333333,16.0
17.28472222222222,16.0
15.93311111111111,16.0
16.80622222222222,22.08
16.158277777777776,16.0
20.573333333333334,16.0
17.17422222222222,16.0
17.731055555555557,17.88
17.690944444444444,17.97
15.967333333333332,16.09
17.1635,19.67
17.564277777777775,17.52
16.866944444444446,17.43
15.871944444444445,18.06
17.846999999999998,17.79
18.60677777777778,21.1
21.021,19.58
17.758611111111108,17.97
16.96466666666667,17.34
17.925444444444445,17.61
18.052277777777775,17.88
16.241777777777777,19.13
17.373055555555553,17.52
17.154,17.16
16.642944444444442,17.52
18.20138888888889,17.97
15.811055555555555,16.0
17.64961111111111,18.24
17.592277777777777,17.88
17.918,17.97
20.881166666666665,18.33
17.230611111111113,20.65
16.293999999999997,16.0
16.054111111111112,16.54
19.176277777777777,18.86
18.499222222222222,17.7
16.263666666666666,16.9
17.650444444444446,17.61
17.5565,16.9
17.741777777777777,17.61
17.652722222222224,17.25
17.686944444444446,16.63
17.65211111111111,17.43
18.028055555555554,17.97
17.910722222222223,18.06
18.061,17.97
15.642666666666665,16.63
15.880055555555556,17.52
17.192055555555555,16.81
17.484555555555556,17.61
17.694000000000003,17.7
18.025944444444445,16.99
17.632333333333335,17.97
17.436666666666667,17.25
16.731944444444444,17.88
17.531722222222225,17.7
15.817833333333333,16.09
18.352222222222224,19.94
15.848555555555556,16.09
17.02466666666667,17.08
20.415888888888887,20.74
17.741777777777777,17.7
17.348888888888887,16.0
21.79011111111111,16.09
17.943333333333335,16.18
15.970944444444447,16.0
16.107666666666667,16.09
20.41133333333333,16.0
17.952222222222222,17.7
20.387999999999998,16.0
17.484722222222224,16.09
17.09188888888889,16.0
15.895000000000001,16.0
17.59261111111111,16.0
17.72738888888889,16.0
16.38533333333333,16.09
17.229833333333332,19.67
17.926111111111112,16.0
17.927611111111112,16.0
17.95461111111111,16.0
20.99438888888889,16.0
17.374055555555557,16.0
17.268944444444443,16.0
22.129222222222225,16.0
17.396833333333333,16.0
20.43272222222222,16.0
21.99072222222222,16.18
16.06411111111111,16.0
17.47533333333333,16.0
17.28227777777778,16.0
16.98011111111111,18.95
15.916166666666665,16.0
15.891444444444444,16.0
17.317444444444444,16.09
17.460722222222223,16.0
16.19322222222222,16.0
15.973333333333333,16.0
19.317055555555555,16.0
17.538833333333333,16.09
15.751222222222221,16.0
15.956000000000001,16.0
17.26672222222222,17.52
21.409222222222223,21.9
15.887277777777777,16.99
15.822166666666666,16.0
17.396833333333333,17.43
16.14933333333333,17.08
18.206222222222223,17.97
17.380388888888888,17.52
16.121388888888887,16.0
15.877222222222223,16.09
17.002055555555554,16.0
16.066222222222223,16.09
18.202444444444446,16.0
15.842222222222224,16.0
15.812722222222224,16.0
17.85611111111111,17.7
17.002111111111113,16.0
17.207444444444445,16.0
17.86788888888889,16.0
17.814055555555555,16.9
17.89238888888889,16.0
17.674999999999997,16.0
15.91511111111111,16.0
18.708833333333335,16.09
21.785555555555554,16.0
19.314666666666668,16.0
17.845833333333335,16.0
20.424944444444446,17.16
16.160666666666668,16.09
16.244833333333332,16.09
17.9975,17.34
17.640944444444443,20.56
20.180111111111113,20.92
20.985888888888887,18.06
17.404777777777777,17.16
19.38227777777778,16.0
15.848444444444445,16.0
17.51822222222222,16.0
19.022055555555553,16.0
15.827944444444446,16.0
19.555055555555555,16.27
21.51111111111111,16.0
18.20138888888889,16.18
17.481166666666667,16.0
15.831444444444445,16.09
21.807055555555554,16.27
17.627388888888888,18.95
17.741777777777777,16.09
20.718777777777778,16.0
16.334166666666665,16.0
20.985277777777778,16.0
15.92311111111111,16.0
15.896055555555556,16.0
19.819499999999998,16.0
15.693277777777777,16.0
17.245166666666666,18.51
15.997722222222222,16.09
21.54133333333333,21.1
20.922777777777778,21.46
17.09466666666667,16.9
17.742555555555555,17.97
20.930111111111113,21.99
17.45738888888889,17.25
19.078833333333332,22.26
18.363666666666667,18.15
16.989333333333335,17.16
17.868555555555556,18.06
17.426000000000002,16.9
18.031444444444446,17.97
17.796944444444446,17.08
18.22533333333333,20.2
16.322222222222223,17.16
18.10088888888889,18.51
16.38072222222222,16.99
17.513166666666667,16.36
16.349888888888888,16.09
18.305444444444444,17.08
17.626,17.43
17.21177777777778,17.52
17.402333333333335,17.88
17.392444444444443,17.79
19.809555555555555,19.4
17.17538888888889,17.34
15.906666666666666,16.09
17.789833333333334,17.25
17.981444444444445,17.88
17.194444444444443,16.27
18.499222222222222,21.37
18.540388888888888,17.97
17.742555555555555,17.97
15.908944444444444,16.09
19.529777777777777,19.85
18.22533333333333,18.06
20.091388888888886,20.65
18.083,18.42
16.97888888888889,16.36
21.99072222222222,20.03
17.118000000000002,16.18
17.94472222222222,16.81
16.151944444444446,16.0
17.294888888888888,17.43
20.28227777777778,20.56
15.84,16.0
19.244500000000002,19.76
17.432111111111112,20.56
21.772166666666667,21.54
15.825888888888889,17.43
18.084777777777777,17.97
17.934,18.06
15.773277777777777,16.81
18.854888888888887,18.15
17.476833333333335,17.61
17.155444444444445,16.9
17.694000000000003,17.16
21.79011111111111,19.13
19.569222222222223,18.24
15.819111111111113,16.0
18.058944444444442,17.97
15.926444444444444,16.18
17.66327777777778,17.7
18.397499999999997,17.43
17.376333333333335,17.34
17.369555555555554,16.99
20.091388888888886,20.38
20.855722222222223,20.11
17.538944444444446,17.61
17.929333333333332,17.25
17.1055,16.81
17.460722222222223,17.61
20.92988888888889,21.81
19.08088888888889,18.42
20.940555555555555,20.38
18.290944444444442,17.52
21.31561111111111,22.26
16.017333333333333,16.0
20.802944444444442,21.81
18.704555555555558,17.25
21.89938888888889,21.63
21.459055555555555,21.01
16.162222222222223,16.36
20.03066666666667,20.65
17.224,17.61
17.290499999999998,19.85
17.18272222222222,17.34
17.895722222222222,17.97
16.07322222222222,16.0
21.559,21.28
18.565055555555556,17.16
15.769055555555557,16.0
15.860222222222221,18.77
17.941277777777778,20.38
17.930777777777777,17.79
15.799222222222223,16.0
16.021611111111113,16.0
17.29211111111111,17.43
17.75327777777778,17.7
16.263833333333334,17.08
17.587666666666667,17.7
17.930333333333333,17.97
17.5515,16.9
16.37466666666667,17.61
20.108999999999998,22.44
16.411388888888887,16.18
19.186166666666665,20.65
15.931166666666668,16.09
17.242666666666665,17.97
15.957055555555554,16.0
18.04261111111111,17.97
18.02022222222222,17.97
20.92988888888889,21.63
16.30372222222222,16.0
15.866722222222222,16.09
19.361555555555555,19.58
19.018777777777775,17.25
15.898944444444444,16.09
17.926833333333335,17.88
20.517777777777777,21.9
17.660833333333333,17.08
17.65288888888889,17.7
17.546222222222223,17.52
16.141888888888886,16.09
16.744722222222222,17.16
16.30011111111111,16.0
18.061,18.06
18.53633333333333,18.51
20.162055555555558,21.01
17.923777777777776,17.97
17.224,17.52
16.722388888888887,16.81
17.79733333333333,17.34
17.398166666666665,17.7
17.921722222222222,17.97
15.902055555555556,16.0
15.955944444444444,16.27
17.807555555555556,17.34
15.82888888888889,16.0
21.65427777777778,20.65
17.17422222222222,16.9
18.067500000000003,17.34
19.55816666666667,20.29
15.7635,16.0
20.801666666666666,17.79
16.107666666666667,16.0
21.79011111111111,19.04
17.31211111111111,17.25
17.242666666666665,17.97
17.84594444444444,17.7
18.117722222222223,17.25
17.488,17.7
21.668722222222225,21.54
19.227722222222223,19.58
18.839444444444446,18.51
18.702222222222222,18.15
17.628888888888888,17.16
26.204833333333333,20.29
18.098777777777777,17.79
15.967777777777778,16.0
21.99072222222222,20.11
16.744722222222222,17.16
21.380222222222223,21.9
18.372722222222222,16.72
17.965999999999998,17.88
18.061833333333333,17.16
20.670944444444444,21.37
16.705277777777777,17.34
15.848555555555556,16.09
16.047222222222224,16.27
19.264333333333333,18.06
19.205666666666666,18.15
19.566222222222223,20.56
19.269,21.19
15.869999999999997,18.15
17.879722222222224,17.79
16.085722222222223,16.0
16.077555555555556,16.54
18.540388888888888,17.88
18.29111111111111,18.06
16.00938888888889,16.36
18.23138888888889,17.79
18.208388888888887,17.43
17.982333333333333,22.35
17.562166666666666,17.7
17.538944444444446,17.52
17.749499999999998,16.0
15.847,16.09
16.287388888888888,16.18
17.327444444444446,16.0
15.800888888888888,16.0
17.1055,16.0
15.885833333333332,16.18
15.836611111111113,16.09
19.980555555555554,16.0
15.715333333333332,16.0
19.147277777777777,16.0
15.769055555555557,16.0
16.31127777777778,16.0
15.951722222222223,16.0
21.921722222222222,16.0
18.06527777777778,16.09
18.81377777777778,16.09
15.693277777777777,16.0
16.354055555555554,16.0
18.33288888888889,16.0
16.160833333333333,16.0
15.843499999999999,16.09
17.837333333333333,17.61
16.325833333333335,17.08
16.436777777777777,16.81
17.2365,17.79
16.11327777777778,16.81
15.955944444444444,16.18
17.2645,17.79
15.743166666666667,16.0
17.510777777777776,17.79
18.267222222222223,19.76
18.92233333333333,18.68
17.348888888888887,16.09
16.189944444444443,16.0
17.38666666666667,16.0
17.950222222222223,16.0
15.838777777777779,16.0
15.938888888888888,16.0
17.251,16.0
16.90238888888889,19.94
16.933222222222224,16.0
16.264333333333333,16.0
18.528166666666667,16.0
16.277666666666665,16.0
26.122055555555555,16.0
15.785277777777777,16.0
17.82477777777778,16.0
17.57561111111111,16.0
18.02022222222222,16.0
18.527444444444445,16.09
18.267222222222223,16.09
15.838166666666666,20.29
19.269,16.0
17.84916666666667,16.0
16.440444444444445,16.0
18.000666666666667,16.09
17.894777777777776,16.0
15.813055555555556,16.0
16.08488888888889,16.0
16.086666666666666,16.0
16.402166666666666,16.0
17.228666666666665,16.0
18.682944444444445,16.09
18.459833333333332,16.0
17.646,17.52
16.263666666666666,16.9
17.150944444444445,17.97
18.153833333333335,17.97
16.187666666666665,16.0
16.141222222222222,16.09
17.38666666666667,17.25
19.186166666666665,20.74
21.493555555555556,20.29
20.806055555555556,21.01
17.890444444444444,18.06
16.11327777777778,16.9
17.52583333333333,17.7
15.854666666666667,16.09
15.891333333333332,16.45
17.668999999999997,17.43
19.169333333333334,19.58
19.230888888888888,18.68
20.313944444444445,17.7
16.15238888888889,16.0
18.00311111111111,16.0
17.902722222222224,16.0
21.51111111111111,16.0
18.84472222222222,16.0
16.057444444444442,16.0
26.204833333333333,16.0
17.462444444444444,16.18
17.03761111111111,16.0
16.083944444444445,16.09
16.241777777777777,16.0
18.259055555555555,16.18
16.967055555555554,16.0
18.73611111111111,16.09
20.661,16.0
21.821833333333334,16.0
17.37027777777778,16.0
17.176666666666666,16.09
16.06888888888889,16.18
16.054111111111112,16.0
15.841944444444444,16.0
16.136499999999998,16.0
17.581611111111112,17.7
17.90405555555556,17.79
15.798944444444443,16.63
17.042166666666667,16.27
18.021,18.06
17.762222222222224,18.06
21.671444444444447,21.1
16.132944444444448,16.0
19.077555555555556,17.97
15.860000000000001,18.51
19.440166666666666,20.29
17.946,18.15
17.528499999999998,17.88
16.356277777777777,16.09
17.991388888888892,18.24
18.708833333333335,21.54
17.890888888888888,17.97
16.134444444444444,16.0
18.417166666666667,20.38
16.06888888888889,16.27
17.477333333333334,17.7
19.626444444444445,18.33
17.958777777777776,18.24
22.129222222222225,21.63
17.160777777777778,16.81
20.660222222222224,20.03
16.132944444444448,16.0
17.426000000000002,16.54
17.57477777777778,17.43
20.351388888888888,21.28
17.942722222222223,17.79
17.39138888888889,17.34
18.025944444444445,16.81
19.502388888888888,21.19
19.077555555555556,18.77
17.22361111111111,16.99
21.869500000000002,21.72
16.272111111111112,16.81
17.19783333333333,17.25
15.8475,16.0
17.71561111111111,18.06
17.005166666666664,17.43
16.15372222222222,16.09
21.885055555555553,18.86
15.950722222222222,16.0
17.786166666666666,16.0
18.179777777777776,16.0
17.503944444444446,16.09
15.811833333333333,16.0
16.109166666666667,16.0
17.005166666666664,16.09
15.771277777777776,17.16
20.53861111111111,16.0
20.371444444444442,16.54
22.05372222222222,16.63
16.839333333333332,16.99
15.897,16.0
15.795277777777777,16.0
17.596,16.0
16.92727777777778,16.0
16.00511111111111,17.61
17.310388888888887,16.0
16.236777777777778,16.0
17.67672222222222,17.7
17.02466666666667,16.9
15.971444444444444,16.0
16.329944444444447,16.09
18.33211111111111,17.52
18.18177777777778,17.88
19.850055555555556,17.61
16.545833333333334,16.81
17.48827777777778,17.25
15.864166666666668,16.0
17.05461111111111,17.08
17.930722222222222,17.88
15.8355,16.09
15.907833333333334,16.0
17.641888888888886,17.61
16.956666666666663,18.42
20.739444444444445,21.28
16.587833333333336,16.36
17.594,16.63
17.029666666666667,16.99
17.462444444444444,17.43
17.197944444444445,17.61
15.769055555555557,16.0
15.857555555555555,16.09
20.279722222222222,22.53
16.49561111111111,16.0
18.62977777777778,17.52
17.862444444444446,16.0
17.36622222222222,16.0
15.715333333333332,16.0
16.149444444444445,16.36
17.832,16.0
15.784166666666668,16.0
17.433444444444447,16.0
17.923777777777776,16.0
17.41361111111111,16.0
15.903388888888891,16.0
17.846999999999998,16.0
16.385444444444445,16.0
17.491444444444443,16.0
16.141222222222222,16.0
17.821555555555555,16.0
18.3375,16.0
17.485277777777778,16.0
17.133388888888888,16.0
17.856,17.79
18.982444444444447,20.11
18.982444444444447,20.29
17.674999999999997,17.97
17.918,17.97
16.077555555555556,16.36
17.778333333333332,17.97
17.905,18.24
20.985888888888887,21.99
19.230888888888888,19.67
17.914833333333334,17.97
17.686944444444446,20.2
18.00311111111111,16.45
17.320944444444443,17.52
17.566166666666664,17.7
20.642722222222222,20.92
17.562166666666666,17.61
16.021611111111113,16.09
16.20577777777778,16.0
17.750444444444444,17.61
16.182944444444445,16.0
16.128777777777778,16.09
17.65111111111111,16.63
18.226777777777777,18.51
17.659333333333333,17.7
15.980944444444443,16.09
16.112499999999997,16.0
19.506722222222223,21.19
17.36,17.61
17.47088888888889,18.24
15.842555555555556,16.09
17.5045,17.79
16.27583333333333,16.09
15.773555555555554,16.18
15.88811111111111,16.0
17.632333333333335,17.79
16.933222222222224,17.08
17.85355555555556,17.97
18.014833333333332,17.97
17.40683333333333,17.79
16.023666666666667,16.09
15.93877777777778,16.0
15.940000000000001,17.25
15.887444444444444,16.0
17.665388888888888,17.7
15.76388888888889,16.09
20.776666666666667,21.28
17.03761111111111,17.61
21.31561111111111,18.33
15.693277777777777,16.09
17.786055555555556,17.52
15.905055555555556,16.0
20.091388888888886,20.65
18.862,20.11
21.489944444444447,21.37
21.409222222222223,22.17
21.921722222222222,19.49
17.35461111111111,17.16
17.85688888888889,18.06
15.817833333333333,16.09
16.039277777777777,16.99
15.802222222222222,16.0
15.858444444444444,16.0
17.005166666666664,17.25
15.648222222222223,16.09
15.800777777777776,16.0
15.78011111111111,17.16
20.387999999999998,21.46
17.5765,17.61
16.618277777777777,16.45
20.238444444444447,16.0
17.185111111111112,16.0
16.26261111111111,16.0
15.890277777777776,16.27
17.982333333333333,16.0
17.48172222222222,16.0
16.62277777777778,16.0
17.359555555555556,16.0
18.31877777777778,16.0
16.811555555555557,16.0
17.344555555555555,16.0
17.352333333333334,16.09
21.0955,18.59
16.02388888888889,16.0
17.229833333333332,16.45
15.827944444444446,16.0
17.494,16.0
17.01422222222222,16.09
16.169,16.0
17.659499999999998,16.36
15.885777777777779,16.36
21.895555555555557,16.0
21.734555555555556,16.09
18.21722222222222,16.0
17.883555555555557,16.0
17.943333333333335,16.0
17.522166666666667,16.0
17.393722222222223,16.0
17.74811111111111,16.0
21.60961111111111,16.0
16.15238888888889,16.09
16.282833333333333,16.0
17.679222222222222,16.0
20.049999999999997,17.52
15.991666666666667,16.0
21.19688888888889,16.0
21.360277777777778,16.0
16.92227777777778,16.0
20.881166666666665,16.0
19.271555555555555,19.94
19.7245,21.54
16.649388888888886,16.36
17.445166666666665,17.43
15.819111111111113,16.0
16.29372222222222,16.0
20.1035,19.58
17.233444444444444,18.68
17.796944444444446,20.03
19.441666666666666,20.47
17.5775,17.88
16.31811111111111,16.9
19.147277777777777,19.49
17.773166666666665,17.34
15.811833333333333,16.0
16.35227777777778,16.09
19.466166666666666,20.38
15.891444444444444,17.08
15.932,16.09
17.768833333333333,17.61
15.8755,16.09
21.58361111111111,21.28
19.14311111111111,18.24
16.92727777777778,17.7
17.924999999999997,20.2
15.895000000000001,16.0
17.49366666666667,17.79
20.429,20.38
17.381555555555554,17.7
15.996,16.0
17.922,20.56
26.204833333333333,19.94
18.474944444444443,18.42
16.870833333333334,17.34
16.19077777777778,16.0
18.077777777777776,17.43
16.250500000000002,16.0
15.970944444444447,16.81
18.125555555555554,19.94
15.816722222222223,16.0
16.944277777777778,16.36
16.96466666666667,17.34
17.433944444444442,19.76
17.041333333333334,17.61
15.726833333333332,16.0
18.944333333333333,20.56
18.000666666666667,18.24
15.854777777777779,17.7
17.578611111111112,17.61
15.827944444444446,16.0
20.685444444444446,18.06
17.424944444444446,17.43
17.763944444444444,16.81
15.93311111111111,16.09
17.890444444444444,17.97
17.758611111111108,17.34
17.784499999999998,17.61
16.215111111111113,16.0
17.54827777777778,17.08
17.81727777777778,17.88
15.85261111111111,16.0
17.76788888888889,17.52
15.89611111111111,16.09
21.89805555555556,21.37
17.801555555555556,18.77
26.122055555555555,16.0
17.426000000000002,16.0
17.858055555555556,16.0
15.968333333333334,16.09
17.826,16.0
16.258944444444445,16.0
15.813055555555556,16.0
20.53861111111111,16.0
16.2055,16.0
19.70788888888889,16.0
17.595833333333335,16.0
21.390666666666664,16.0
17.034000000000002,16.0
17.634777777777778,16.09
17.868111111111112,16.0
16.051111111111112,16.0
17.3965,16.09
19.408722222222224,16.45
15.905333333333333,16.0
17.620555555555555,16.09
18.00438888888889,16.0
17.79611111111111,16.0
15.979333333333333,16.0
19.506722222222223,16.0
25.988611111111112,20.2
16.84111111111111,17.08
21.66938888888889,19.58
15.863277777777776,16.0
15.674777777777779,16.36
18.202444444444446,18.42
17.789833333333334,17.25
15.761666666666665,16.54
20.215444444444444,21.1
16.38533333333333,16.0
17.380388888888888,16.0
16.017333333333333,16.09
15.896722222222223,21.28
16.401111111111113,16.0
15.968555555555557,16.09
16.586055555555554,16.0
17.729944444444445,21.99
17.355611111111113,16.0
16.092166666666667,16.0
17.534333333333333,16.0
20.723944444444445,16.0
15.973,16.09
21.540944444444442,16.0
20.961277777777777,16.0
21.597166666666666,16.18
15.920111111111112,16.0
15.813055555555556,16.0
17.676222222222222,16.0
18.344222222222225,16.09
17.554666666666666,16.0
19.38227777777778,16.0
16.354055555555554,16.0
16.329944444444447,16.0
17.750666666666667,16.09
17.57561111111111,16.09
16.246388888888887,16.0
16.287388888888888,16.0
21.3275,16.0
17.476833333333335,16.09
15.8475,16.0
16.873833333333334,16.27
17.38666666666667,16.0
16.40138888888889,16.27
17.683222222222224,16.0
16.354055555555554,16.0
17.890888888888888,16.0
17.587888888888887,16.0
15.955166666666665,16.0
19.38227777777778,16.0
17.251,16.0
15.822166666666666,16.0
20.942999999999998,17.97
16.495833333333334,17.16
17.36938888888889,17.61
17.012833333333333,16.9
17.192055555555555,16.63
17.659499999999998,16.09
17.527277777777776,16.0
16.36311111111111,22.8
20.60516666666667,16.0
15.859833333333333,16.0
19.330055555555557,16.0
17.33716666666667,16.09
19.47288888888889,16.09
19.493444444444446,16.0
16.064166666666665,16.09
16.15822222222222,16.0
17.034000000000002,16.0
17.849055555555555,16.0
15.743166666666667,17.43
16.412666666666667,16.0
17.926111111111112,18.95
16.09511111111111,16.0
17.436666666666667,16.0
15.8745,16.0
15.865666666666666,16.0
16.06411111111111,16.0
16.112499999999997,16.0
21.815166666666666,16.0
19.819499999999998,16.0
17.982,16.0
17.534333333333333,16.0
21.28338888888889,18.42
20.313944444444445,16.0
21.053555555555555,16.0
21.58361111111111,16.09
16.244833333333332,16.0
16.069055555555554,16.0
15.848555555555556,16.0
15.770833333333334,16.0
17.49966666666667,16.0
17.85311111111111,16.0
17.666666666666668,16.0
15.785666666666666,16.09
17.617444444444445,16.18
16.282833333333333,16.45
19.62211111111111,16.0
15.907833333333334,16.0
19.808055555555555,17.43
15.92677777777778,16.0
16.174444444444443,16.0
17.57561111111111,17.43
17.801555555555556,18.06
17.040555555555557,19.04
15.884833333333335,16.72
19.59588888888889,17.25
18.47538888888889,18.06
15.901277777777779,16.0
15.851166666666668,16.45
16.24811111111111,16.09
17.776555555555557,17.52
16.504444444444445,17.08
20.421499999999998,21.63
16.49561111111111,16.0
17.965944444444446,16.0
16.39922222222222,16.09
18.2535,16.0
16.257555555555555,16.0
16.14933333333333,16.0
15.725999999999999,16.09
17.400333333333336,16.0
15.970944444444447,16.0
17.832,16.54
15.857888888888889,16.0
17.24711111111111,16.0
16.325444444444443,16.09
15.742166666666666,16.0
16.236777777777778,16.0
15.88811111111111,17.7
15.922,16.0
15.76511111111111,16.09
18.2005,16.0
17.97572222222222,16.0
17.376333333333335,17.88
18.019444444444446,18.06
17.826944444444443,17.97
18.061,18.51
20.795055555555553,19.67
15.843499999999999,16.0
21.58361111111111,20.56
15.838722222222222,17.52
20.4125,20.83
17.91133333333333,17.88
20.5745,21.63
15.839888888888888,16.0
16.297555555555554,16.09
17.550055555555556,17.79
15.943166666666665,16.0
17.656944444444445,16.54
16.275777777777776,16.0
16.244833333333332,16.0
20.523333333333333,21.63
19.29738888888889,19.94
19.407944444444446,19.4
17.821555555555555,17.61
17.85983333333333,18.06
18.19222222222222,17.97
15.939555555555554,16.27
15.838166666666666,17.43
17.826,17.08
18.049,17.25
20.523333333333333,21.54
17.45422222222222,17.52
17.788722222222223,18.06
17.740666666666666,17.61
15.7635,16.0
20.415888888888887,20.47
17.68116666666667,17.79
19.274833333333333,20.56
15.851888888888888,16.09
15.93861111111111,16.09
16.056333333333335,16.36
16.872333333333334,16.99
17.750055555555555,16.63
17.029444444444447,16.36
18.067500000000003,17.7
18.0375,17.88
16.428,16.9
15.874777777777776,16.0
15.802888888888889,16.0
21.680111111111113,21.99
17.976166666666664,17.61
18.726277777777778,18.24
15.998777777777779,16.09
20.416444444444444,17.52
17.857444444444443,17.79
17.50561111111111,17.7
17.174722222222222,17.34
21.448999999999998,20.47
18.031444444444446,17.61
18.246166666666667,16.9
16.38072222222222,16.99
16.586055555555554,17.43
17.918,17.97
17.97961111111111,18.33
18.267944444444442,16.54
15.817777777777776,16.63
17.646,17.52
17.745166666666666,17.97
15.769833333333331,16.9
15.749055555555556,16.0
21.597166666666666,18.68
15.845722222222223,16.0
15.7305,16.0
17.580166666666667,17.61
15.93988888888889,16.09
16.236666666666665,16.0
21.123055555555553,21.72
16.282833333333333,16.0
18.611555555555555,18.51
17.80016666666667,18.06
21.091833333333334,20.03
17.750444444444444,18.24
15.896444444444446,16.09
15.83838888888889,16.09
18.732666666666667,20.03
15.973333333333333,16.0
16.33588888888889,16.0
15.725999999999999,16.0
18.226777777777777,18.42
20.03066666666667,20.47
16.402166666666666,16.0
19.249833333333335,19.31
19.163666666666668,18.95
19.441666666666666,17.43
17.794111111111114,17.61
19.308944444444446,19.85
18.19322222222222,17.25
15.753499999999999,16.0
21.696055555555557,18.68
17.000222222222224,17.16
16.81972222222222,16.72
16.737944444444445,17.25
17.002111111111113,17.88
17.741777777777777,17.61
17.921722222222222,17.97
17.882722222222224,17.97
17.089,17.52
18.204055555555556,16.9
17.6525,17.34
16.532944444444446,16.27
21.696055555555557,21.81
17.33716666666667,17.43
15.883944444444445,16.18
15.947777777777778,16.0
17.03761111111111,16.9
17.86572222222222,17.97
15.92261111111111,16.0
15.968555555555557,16.0
15.811277777777779,16.0
16.87022222222222,16.9
15.85438888888889,16.09
15.818722222222224,16.0
18.129166666666666,17.88
16.072777777777777,16.0
16.258611111111108,17.61
17.155166666666666,17.16
17.71088888888889,17.61
20.988055555555555,17.79
16.263666666666666,16.9
17.373055555555553,17.61
18.794666666666664,17.61
17.09188888888889,18.59
16.85377777777778,17.08
19.227722222222223,19.67
16.605444444444444,16.81
20.180111111111113,21.01
15.877222222222223,16.09
19.62211111111111,20.29
17.677611111111112,17.25
17.51038888888889,17.08
21.6465,20.92
17.620555555555555,17.88
19.106444444444445,17.34
18.001055555555556,18.33
20.44911111111111,20.2
17.110611111111112,17.25
15.876166666666668,16.36
17.93738888888889,17.43
15.869277777777777,16.09
16.001444444444445,16.0
17.05088888888889,16.9
15.902055555555556,16.09
15.895833333333334,16.0
15.867055555555554,18.95
17.801555555555556,18.06
17.39138888888889,17.97
15.84361111111111,16.0
18.179944444444445,17.79
16.048333333333332,16.36
17.847833333333334,17.97
15.932,16.18
16.001444444444445,16.0
17.400333333333336,17.08
16.586055555555554,17.43
16.37438888888889,16.0
15.819111111111113,16.0
21.462944444444442,20.92
18.182499999999997,18.33
20.855722222222223,21.46
19.106055555555557,19.22
15.980944444444443,16.09
15.841944444444444,16.0
15.90138888888889,16.0
15.63227777777778,16.36
15.9045,16.09
17.089,17.25
15.848999999999998,16.09
17.976277777777778,17.97
20.49722222222222,21.9
17.360555555555557,16.81
16.003944444444446,16.0
15.809833333333334,16.0
17.745166666666666,18.24
19.182944444444445,19.76
17.554666666666666,17.88
16.38533333333333,16.0
20.660222222222224,21.28
17.726777777777777,17.7
21.567500000000003,20.47
17.878611111111113,17.97
17.363666666666667,17.61
15.751888888888889,16.0
17.6525,17.25
17.860166666666668,18.06
18.306055555555556,17.88
16.663944444444446,16.27
17.05933333333333,17.08
17.123611111111114,17.61
19.822833333333335,20.56
18.24405555555556,18.33
16.263222222222222,16.0
17.95888888888889,17.97
17.35188888888889,17.7
15.939222222222222,16.09
17.234111111111112,17.61
16.286,16.0
15.907277777777779,16.0
20.1035,19.4
19.509055555555555,17.16
15.817833333333333,16.09
17.958777777777776,18.06
19.391111111111112,20.11
15.830111111111112,16.0
15.975277777777778,16.09
16.28238888888889,17.61
19.119666666666667,19.4
17.397000000000002,17.43
18.19322222222222,16.81
17.578611111111112,17.7
21.869500000000002,21.72
15.838722222222222,17.52
15.930666666666667,16.0
17.655555555555555,17.7
20.09777777777778,20.74
16.956666666666663,18.51
20.342333333333336,18.68
17.670277777777777,17.61
17.160666666666668,16.9
17.860166666666668,17.97
16.386777777777777,16.36
17.022499999999997,16.72
17.784222222222223,16.81
17.481166666666667,18.15
17.981555555555556,18.77
17.56888888888889,17.43
18.424111111111113,18.15
15.917777777777777,16.0
15.911388888888887,16.09
15.74688888888889,16.0
17.376555555555555,16.63
17.41361111111111,17.08
21.032833333333333,21.46
16.39922222222222,16.0
18.019444444444446,17.88
20.99438888888889,20.03
17.920277777777777,17.97
16.187666666666665,16.0
18.886666666666667,21.9
21.661388888888887,21.1
15.835722222222223,16.09
17.564277777777775,17.34
18.185222222222222,16.81
17.67561111111111,17.97
20.04211111111111,21.01
18.2535,17.52
16.179666666666666,16.09
15.773055555555556,16.0
18.708833333333335,18.24
17.034777777777776,17.43
17.839777777777776,17.97
20.544055555555556,21.63
17.613444444444443,17.43
16.17072222222222,16.0
19.271555555555555,19.76
17.558944444444442,16.9
17.943666666666665,17.97
16.119333333333334,16.0
17.737111111111112,17.61
16.904666666666667,16.99
20.87088888888889,21.54
17.39927777777778,17.61
19.111222222222224,18.33
15.878055555555555,16.0
16.442,16.09
15.905833333333334,16.09
17.596111111111114,17.25
17.94222222222222,17.97
19.202388888888887,17.7
20.180111111111113,21.28
15.797666666666666,16.0
17.163333333333334,17.61
16.879277777777776,16.27
17.666666666666668,18.68
15.809055555555554,16.0
20.351388888888888,21.19
16.803055555555556,17.25
17.895722222222222,17.97
17.327444444444446,17.43
15.938888888888888,16.09
17.022499999999997,16.81
16.252388888888888,16.0
20.517777777777777,18.24
19.142333333333333,20.83
18.47538888888889,18.06
16.396444444444445,16.09
16.40938888888889,16.27
20.94977777777778,21.72
15.674777777777779,16.45
17.376555555555555,16.72
20.661,20.11
15.763555555555557,16.0
15.813666666666668,16.0
18.19222222222222,18.24
16.283555555555555,16.0
17.780944444444444,17.34
18.557166666666667,17.16
19.77616666666667,22.35
17.527277777777776,17.79
19.921777777777777,18.51
15.886055555555556,16.0
16.359944444444444,16.09
15.816722222222223,16.0
18.3375,17.88
19.466166666666666,19.85
17.458166666666667,17.52
17.318666666666665,17.61
20.046833333333336,17.97
16.356277777777777,16.18
20.152166666666666,19.31
16.264111111111113,16.63
16.626833333333334,17.52
17.75127777777778,16.0
17.945444444444448,16.0
17.726777777777777,16.54
17.690944444444444,16.0
15.89611111111111,16.0
18.10088888888889,16.0
18.020833333333332,16.0
16.373444444444445,16.09
15.802222222222222,17.88
20.544055555555556,16.09
18.028000000000002,16.0
20.723944444444445,16.09
15.794722222222223,16.09
21.66938888888889,16.0
16.272944444444445,16.0
15.929388888888887,16.0
20.49722222222222,16.09
16.803055555555556,16.0
16.62277777777778,16.0
15.811722222222222,16.45
17.756333333333334,17.61
16.461277777777777,16.27
15.776055555555555,17.25
15.928555555555555,16.0
21.757277777777777,16.0
21.79011111111111,16.0
18.212944444444446,16.0
17.890888888888888,16.0
17.821555555555555,16.0
17.400333333333336,16.0
15.855666666666666,16.0
21.834666666666667,16.0
15.818722222222224,16.0
16.279166666666665,16.0
21.48738888888889,16.0
15.695222222222222,16.0
15.835944444444445,16.0
20.169444444444444,16.0
16.291,16.0
15.928555555555555,16.0
15.707722222222221,16.0
15.998444444444443,20.2
17.658722222222224,16.0
17.534333333333333,16.0
18.4185,20.47
15.939555555555554,16.45
21.23483333333333,20.38
16.244222222222223,16.09
17.36622222222222,17.61
17.771055555555556,17.52
17.197944444444445,17.97
18.226777777777777,17.08
19.971500000000002,21.19
16.19077777777778,16.0
15.92261111111111,16.27
15.871944444444445,18.77
17.75127777777778,16.09
17.376333333333335,16.0
17.647277777777777,16.0
20.36388888888889,16.09
16.084833333333332,16.18
16.504444444444445,16.0
17.3965,16.0
17.766888888888886,16.0
15.93988888888889,16.0
17.583777777777776,16.0
17.696777777777775,16.0
19.111222222222224,16.0
16.229888888888887,16.0
17.53311111111111,16.09
17.946,16.0
26.122055555555555,16.0
15.968333333333334,16.0
16.141888888888886,16.0
19.732277777777778,16.09
17.537222222222223,16.0
18.4185,16.0
17.034000000000002,16.0
17.481055555555557,16.09
17.160666666666668,16.09
15.776944444444446,16.0
16.014166666666668,16.0
17.837777777777777,16.0
16.165444444444447,16.0
17.94383333333333,16.09
17.693833333333334,16.0
17.029666666666667,16.0
18.005499999999998,16.0
16.16033333333333,16.0
19.648166666666665,20.74
20.021722222222223,16.0
17.552833333333336,17.34
15.800888888888888,16.09
15.909055555555556,16.0
21.753444444444444,18.68
17.658722222222224,17.43
15.885777777777779,16.09
17.155166666666666,17.88
15.707722222222221,16.45
18.031222222222222,18.33
18.191166666666668,18.24
18.319333333333333,18.68
17.798388888888887,17.97
17.303944444444443,17.7
18.560444444444446,21.37
16.105611111111113,16.0
16.141222222222222,16.09
18.396444444444445,17.79
17.90527777777778,17.97
21.764166666666668,21.37
17.94783333333333,17.97
21.036833333333334,21.72
22.129222222222225,19.22
21.462944444444442,20.83
16.325833333333335,17.08
16.712944444444442,16.09
18.13383333333333,17.88
15.795388888888889,16.0
18.2005,17.79
17.477333333333334,18.68
18.053055555555556,18.15
15.7845,16.72
20.642722222222222,20.65
17.595833333333335,17.88
19.77616666666667,19.49
15.674777777777779,16.45
15.982333333333335,16.0
17.458166666666667,17.43
16.944277777777778,16.63
17.484555555555556,17.52
15.878166666666667,16.0
16.244222222222223,16.09
19.069666666666667,18.51
16.187666666666665,16.0
17.71561111111111,18.06
19.510055555555553,22.35
21.680444444444444,18.59
21.661388888888887,21.1
16.264333333333333,16.09
17.90405555555556,17.88
19.174,20.74
19.680111111111113,19.94
17.786055555555556,17.08
17.034777777777776,17.43
16.031,16.09
15.857888888888889,16.0
17.567722222222223,17.16
15.769055555555557,16.0
16.257333333333335,16.0
17.165944444444445,17.43
17.857277777777778,18.06
15.830222222222224,16.0
16.129166666666666,16.09
17.618388888888887,17.08
21.893833333333333,20.56
15.865722222222225,16.0
15.782000000000002,16.0
21.34277777777778,22.53
17.791611111111113,17.97
17.33738888888889,18.15
15.896444444444446,16.09
17.6785,17.25
18.028333333333332,18.33
16.29372222222222,16.0
17.683611111111112,17.97
17.76788888888889,17.43
15.879333333333335,16.0
16.819000000000003,17.25
18.904777777777777,19.31
17.85611111111111,17.97
15.830833333333333,16.54
18.386499999999998,17.08
17.895722222222222,22.8
17.4685,16.0
21.668722222222225,16.0
18.818555555555555,16.0
21.684944444444444,21.19
17.789833333333334,17.34
17.45738888888889,16.0
15.92677777777778,16.0
15.79027777777778,16.0
18.433833333333336,16.0
17.735055555555554,16.0
18.859666666666666,16.0
15.842777777777778,16.54
17.11461111111111,16.09
17.899,16.54
18.31877777777778,20.29
19.03188888888889,16.0
17.718444444444444,16.0
15.882055555555556,16.0
17.813055555555554,16.0
16.072333333333333,16.0
17.735666666666667,17.25
15.763555555555557,18.06
18.616611111111112,16.0
17.497333333333334,16.18
15.92311111111111,16.09
17.5625,20.92
15.971222222222224,16.0
15.917777777777777,16.0
17.66638888888889,16.09
16.8275,16.09
17.217666666666666,16.0
21.96816666666667,16.0
16.02911111111111,16.0
17.778333333333332,17.97
17.333833333333335,17.88
16.231555555555556,16.0
17.097166666666666,19.58
17.48483333333333,17.97
15.725999999999999,16.0
17.43894444444444,17.7
17.5565,16.99
18.550944444444443,19.85
17.041333333333334,17.16
16.105611111111113,16.0
17.476833333333335,17.61
17.956666666666667,17.97
21.821833333333334,21.37
15.902055555555556,16.09
16.452944444444444,16.09
17.981555555555556,18.77
18.372722222222222,16.99
16.870833333333334,17.34
16.0995,16.0
17.90527777777778,17.97
16.20488888888889,16.09
16.898833333333336,16.36
17.29211111111111,17.52
15.793555555555555,16.09
18.067500000000003,17.16
16.179666666666666,16.09
18.246166666666667,17.08
20.633055555555554,21.63
19.201222222222224,19.85
15.906166666666666,16.45
17.532555555555557,17.52
17.758611111111108,19.22
17.689722222222223,17.43
17.68188888888889,17.7
16.411388888888887,16.09
17.531555555555556,17.61
20.49888888888889,17.88
15.887277777777777,17.08
15.749722222222223,16.0
16.922777777777778,16.0
18.560444444444446,16.0
15.875222222222224,16.0
18.021555555555555,16.0
17.194444444444443,16.0
15.749055555555556,16.0
15.803333333333333,16.0
21.696055555555557,16.0
18.00438888888889,16.0
17.595833333333335,16.0
20.138166666666667,16.0
20.930111111111113,16.45
17.643,16.0
15.766166666666667,20.38
15.905833333333334,16.0
17.9765,16.0
16.287388888888888,16.0
20.997555555555557,16.0
21.81961111111111,16.09
15.878055555555555,16.0
15.874666666666668,16.0
17.55761111111111,17.7
15.97461111111111,16.09
17.929333333333332,17.34
15.900833333333331,16.0
17.02988888888889,16.36
19.529444444444444,20.29
19.119666666666667,19.22
21.9045,21.99
17.675333333333334,17.7
15.949388888888889,16.0
17.956722222222222,17.97
17.87933333333333,17.79
15.715333333333332,16.45
19.239555555555555,20.2
15.773055555555556,16.0
17.869777777777777,18.06
17.788111111111114,17.79
15.841611111111112,16.09
19.77616666666667,22.44
18.44783333333333,17.43
15.802944444444446,16.0
16.90238888888889,17.16
19.08277777777778,17.16
17.807555555555556,21.19
15.817777777777776,16.63
16.057444444444442,16.0
15.837722222222222,16.0
19.765444444444444,18.33
16.989333333333335,17.08
19.78911111111111,19.76
16.138555555555556,16.0
15.886055555555556,16.09
17.574944444444444,17.61
16.263555555555556,16.09
21.042722222222224,19.94
17.522944444444445,17.7
18.698055555555555,21.72
15.880055555555556,18.15
15.782944444444446,16.9
17.87961111111111,17.97
17.5625,17.52
15.897,16.0
17.355777777777778,17.61
15.54138888888889,16.0
15.860166666666666,20.74
22.05372222222222,16.0
18.751055555555556,16.0
17.650444444444446,16.0
16.649388888888886,16.0
16.461277777777777,16.0
20.536375,16.0
17.771444444444445,16.0
17.005166666666664,16.0
17.737111111111112,16.0
17.234111111111112,16.0
17.497777777777777,16.0
17.797055555555556,16.0
17.33716666666667,16.0
16.33588888888889,16.0
15.875055555555555,16.0
16.036722222222224,16.0
15.769833333333331,16.0
15.87038888888889,16.27
17.4285,16.99
16.419722222222223,18.77
15.864944444444445,16.0
17.583777777777776,20.65
17.342555555555556,22.8
17.310388888888887,17.16
19.850055555555556,17.88
17.460722222222223,17.7
15.725999999999999,16.0
15.980944444444443,16.09
16.080166666666667,16.09
15.837722222222222,16.0
15.914777777777779,16.09
18.03611111111111,18.06
15.873166666666666,16.0
16.019388888888887,16.63
18.591277777777776,18.42
22.080666666666666,20.65
16.956666666666663,18.51
21.696055555555557,22.08
18.21722222222222,17.61
17.741777777777777,17.52
16.839333333333332,17.34
21.732722222222222,17.97
15.802555555555557,16.63
17.76988888888889,17.16
16.249833333333335,16.0
16.82361111111111,17.79
19.56811111111111,17.61
18.537166666666664,18.51
15.838777777777779,16.09
17.433944444444442,16.36
16.108055555555556,16.18
20.049999999999997,18.15
20.838277777777776,21.19
19.921444444444447,17.61
15.743166666666667,16.0
22.080666666666666,22.26
17.197944444444445,17.7
21.70738888888889,22.8
18.259833333333333,20.38
15.878166666666667,16.0
16.084833333333332,16.0
19.380277777777778,21.28
17.752222222222223,16.09
17.110611111111112,16.0
17.420166666666667,16.09
17.307277777777777,16.0
15.92261111111111,16.0
16.586055555555554,16.18
15.896055555555556,16.0
17.508333333333333,16.0
19.70788888888889,16.0
16.0375,16.0
15.907277777777779,16.0
16.951833333333333,16.0
16.325444444444443,16.09
16.2055,16.09
16.950444444444443,16.09
21.042722222222224,16.0
16.419722222222223,16.0
17.64827777777778,16.0
17.857944444444442,16.09
18.031444444444446,16.0
19.6,18.33
17.185111111111112,17.25
18.794666666666664,17.52
21.448999999999998,20.65
20.41133333333333,20.47
21.313944444444445,21.19
17.832,17.25
15.93877777777778,16.0
17.320944444444443,17.7
15.991166666666667,16.09
17.956666666666667,17.97
17.661722222222224,18.06
15.907277777777779,16.0
16.926333333333336,16.81
18.208388888888887,17.34
18.34261111111111,16.99
15.83838888888889,16.18
18.088611111111113,17.16
15.95061111111111,16.0
20.41511111111111,20.2
17.924999999999997,20.29
17.826,16.0
17.851222222222223,16.09
17.75011111111111,16.0
15.956000000000001,16.09
17.126333333333335,16.0
17.468555555555554,16.18
17.841444444444445,16.0
16.8275,16.0
19.407944444444446,16.09
17.79511111111111,19.04
18.27388888888889,16.0
18.290944444444442,16.0
17.665222222222223,16.0
16.914166666666667,16.09
18.756944444444443,16.0
17.821555555555555,16.0
16.287388888888888,16.0
17.041333333333334,16.27
15.848722222222221,16.36
20.99438888888889,16.0
15.864944444444445,16.27
17.44511111111111,16.0
17.930722222222222,16.0
19.74738888888889,16.0
17.163333333333334,16.0
15.905055555555556,16.0
16.38533333333333,16.0
15.883999999999999,16.09
17.68116666666667,16.0
15.800888888888888,16.0
17.6785,20.56
18.154611111111112,16.0
16.1555,16.0
20.58588888888889,16.0
15.991055555555555,16.09
16.024,16.09
16.108055555555556,16.0
15.825833333333334,16.0
17.750444444444444,16.0
18.363666666666667,16.0
16.216388888888886,16.0
16.095555555555553,16.54
17.118000000000002,16.54
15.776944444444446,16.0
15.632888888888889,16.36
15.8755,16.09
16.151444444444444,16.0
20.491722222222222,21.01
17.930333333333333,17.97
17.71088888888889,17.61
16.19322222222222,16.0
17.445166666666665,17.97
15.783111111111111,16.0
18.5595,16.0
16.29372222222222,16.0
18.20138888888889,16.0
15.908611111111112,16.09
17.894777777777776,16.0
16.608,16.0
18.862,16.0
16.273722222222222,16.0
16.272111111111112,16.0
17.237,16.0
16.385444444444445,16.0
16.306722222222223,16.0
15.866000000000001,16.0
17.285777777777778,16.27
17.05933333333333,16.0
17.36022222222222,16.09
16.9805,16.18
20.644,16.27
15.93311111111111,17.61
15.862722222222223,16.0
15.92677777777778,16.0
17.744944444444442,16.0
17.267555555555557,16.0
15.811833333333333,16.09
20.306722222222223,16.09
19.757944444444448,17.61
20.713055555555556,16.0
15.822166666666666,16.09
17.792722222222224,16.09
21.54133333333333,20.29
17.534333333333333,17.25
17.126333333333335,17.43
21.627944444444445,21.9
16.283555555555555,16.0
16.386777777777777,16.27
17.839777777777776,18.06
16.20577777777778,16.0
22.416,16.36
17.04411111111111,17.61
19.78911111111111,19.94
18.904777777777777,19.49
15.812555555555555,16.0
21.885055555555553,21.19
17.786166666666666,19.13
21.30738888888889,18.06
18.24405555555556,17.97
17.527277777777776,17.7
17.8215,17.52
21.597166666666666,22.26
17.914833333333334,17.97
17.45738888888889,17.88
16.879277777777776,16.27
21.880333333333333,22.35
21.76677777777778,22.53
17.958777777777776,18.24
16.19077777777778,16.0
17.786166666666666,17.08
16.121388888888887,17.08
18.03611111111111,18.42
16.045222222222222,16.36
16.047222222222224,16.27
15.939555555555554,16.09
16.273222222222223,16.09
17.39938888888889,19.85
17.22588888888889,17.34
18.702222222222222,18.06
17.6885,16.99
21.869222222222223,22.44
15.793500000000002,16.99
15.725999999999999,16.0
18.730055555555555,18.77
17.752222222222223,16.0
21.78,16.0
17.026,16.09
17.993166666666667,16.09
15.7305,16.0
17.04411111111111,16.0
16.138555555555556,16.0
16.02422222222222,16.0
17.217555555555556,16.0
16.077555555555556,16.0
21.79011111111111,16.0
17.39938888888889,16.0
17.823888888888888,16.0
18.939888888888888,16.0
16.244222222222223,16.0
15.838166666666666,16.0
15.929777777777778,16.09
17.950944444444445,16.0
21.30811111111111,16.18
15.832500000000001,16.0
15.851166666666668,16.0
16.257944444444448,16.09
17.540833333333335,17.08
17.217555555555556,17.88
17.776555555555557,17.52
19.12172222222222,21.1
19.957444444444445,20.47
18.179777777777776,18.42
17.534666666666666,17.61
20.741722222222222,21.01
16.403000000000002,17.25
17.424944444444446,17.52
21.89805555555556,20.2
16.0655,16.0
15.926166666666667,17.61
17.66711111111111,17.43
20.633055555555554,21.63
15.787055555555558,16.0
15.739333333333333,16.0
17.42088888888889,17.7
16.325222222222223,16.0
17.499277777777777,16.0
17.862444444444446,16.0
17.943333333333335,16.0
16.068333333333335,16.0
17.640944444444443,16.0
17.497333333333334,16.99
21.219055555555556,16.0
16.21677777777778,16.0
17.342666666666666,16.0
17.466722222222224,16.0
15.751888888888889,16.0
16.32788888888889,16.0
17.94222222222222,16.0
15.984444444444446,16.0
15.933666666666666,16.0
20.849555555555558,16.0
17.718444444444444,16.0
17.597555555555555,16.09
16.898833333333336,16.0
15.82872222222222,16.0
21.452833333333334,21.54
17.14288888888889,17.25
15.8755,16.09
15.970944444444447,16.63
16.19077777777778,16.0
15.905055555555556,16.0
15.895833333333334,16.0
16.872333333333334,17.08
18.816,18.86
15.873222222222223,16.0
16.40138888888889,16.0
15.651333333333334,16.81
16.28238888888889,17.7
16.49272222222222,16.72
16.019388888888887,16.81
20.215999999999998,17.61
17.925444444444445,17.43
20.692944444444446,17.61
18.50472222222222,21.54
20.951555555555554,21.28
18.019333333333336,18.06
21.654333333333334,22.26
15.79738888888889,16.0
21.37533333333333,22.44
17.694000000000003,17.52
15.9825,16.0
15.885777777777779,16.0
17.28772222222222,17.08
21.359944444444444,21.01
17.80361111111111,17.88
21.091833333333334,19.67
18.830222222222222,17.88
15.812722222222224,17.25
18.031222222222222,18.33
16.20288888888889,16.0
17.847833333333334,17.97
16.187666666666665,16.9
17.912166666666664,16.72
22.202833333333334,21.54
20.048055555555557,20.47
17.231944444444444,16.54
16.7365,17.08
21.65427777777778,20.92
17.04538888888889,17.52
16.11422222222222,16.0
18.03611111111111,18.59
17.801333333333332,17.88
19.501444444444445,21.28
21.447666666666667,18.33
17.1635,17.25
17.920277777777777,18.06
16.857222222222223,16.9
15.868333333333332,16.0
15.858500000000001,16.0
17.920666666666666,18.06
20.685444444444446,21.46
17.79961111111111,17.61
16.15238888888889,16.0
15.54138888888889,16.0
17.5565,16.0
17.445166666666665,16.0
15.930666666666667,16.0
21.99072222222222,16.0
20.274055555555556,16.0
16.19383333333333,16.0
16.30372222222222,16.0
16.036722222222224,16.0
17.791944444444443,16.0
17.223555555555556,16.0
17.7745,16.0
15.974499999999999,16.0
17.7875,16.0
17.56888888888889,16.0
21.238166666666665,16.09
18.076166666666666,16.09
17.94472222222222,16.0
15.966777777777777,16.0
17.85311111111111,16.0
16.2695,16.0
20.849555555555558,16.0
16.050333333333334,16.0
16.144222222222222,16.0
15.695222222222222,16.0
17.580444444444442,16.09
19.275944444444445,16.0
21.238166666666665,16.0
19.106055555555557,16.0
21.87783333333333,16.0
16.09511111111111,16.0
17.689833333333333,16.0
17.290055555555554,16.0
20.165555555555557,16.0
20.893555555555555,16.09
16.332944444444443,16.09
17.671555555555557,16.0
20.212055555555555,16.09
18.978444444444445,16.0
16.083944444444445,16.0
15.873222222222223,16.36
18.68061111111111,16.0
15.78011111111111,16.0
16.045222222222222,16.0
16.744722222222222,16.09
17.40561111111111,16.09
17.09188888888889,16.0
17.685222222222222,17.61
16.80622222222222,17.16
15.76388888888889,16.09
15.928555555555555,16.0
17.816222222222223,18.06
15.973111111111113,16.0
15.8855,17.34
15.852388888888889,16.0
17.197944444444445,17.61
15.848999999999998,16.09
16.149722222222223,16.0
19.85838888888889,19.85
16.588055555555556,16.99
21.880333333333333,22.26
17.363444444444447,17.61
16.545833333333334,16.72
20.108999999999998,20.03
15.858444444444444,16.0
18.557166666666667,20.65
21.48738888888889,22.44
15.788888888888888,16.36
16.001444444444445,16.0
15.891444444444444,16.81
16.0995,16.0
19.201222222222224,18.06
18.78161111111111,21.01
15.88122222222222,16.0
19.444833333333335,21.99
17.797055555555556,17.43
18.96916666666667,18.51
17.672944444444443,17.7
15.813055555555556,16.0
16.287444444444443,16.0
17.857944444444442,16.9
16.283555555555555,16.0
15.936722222222222,16.54
15.852388888888889,16.0
15.930666666666667,16.0
15.777666666666667,17.16
16.98011111111111,17.52
17.1165,16.99
19.249833333333335,19.31
15.901333333333334,16.99
17.538944444444446,17.7
15.968333333333334,16.27
16.87022222222222,16.99
17.245166666666666,18.24
15.794722222222223,16.0
19.822833333333335,20.47
16.97661111111111,16.9
17.60861111111111,17.97
19.55816666666667,19.85
16.870833333333334,17.43
15.751222222222221,16.63
18.083,17.97
15.958777777777776,16.0
18.04261111111111,17.97
20.073944444444447,19.4
17.427611111111112,17.7
21.032833333333333,21.81
17.8215,17.97
18.014833333333332,17.97
17.478166666666667,20.74
15.907833333333334,16.0
18.198055555555555,18.68
17.307277777777777,16.63
16.873833333333334,17.08
21.680444444444444,18.42
18.208888888888893,18.59
17.750666666666667,17.97
17.595555555555556,17.97
17.03761111111111,16.09
15.651333333333334,16.18
17.941333333333333,17.97
21.962222222222223,22.53
16.803055555555556,17.16
20.881166666666665,21.63
22.202833333333334,21.37
17.8215,17.7
17.689833333333333,17.61
17.689722222222223,17.16
17.68188888888889,17.79
21.89938888888889,21.9
16.768444444444444,17.34
16.775222222222222,16.27
15.793500000000002,16.81
19.85838888888889,21.37
20.369555555555554,20.47
17.32911111111111,17.43
17.987055555555557,17.97
17.299777777777777,17.25
15.989555555555556,16.0
18.10638888888889,17.43
15.898111111111112,16.0
17.85611111111111,18.33
17.683222222222224,17.7
15.82161111111111,16.18
21.078833333333332,20.65
17.94472222222222,17.97
21.380222222222223,20.92
15.873222222222223,16.0
15.825833333333334,16.81
21.452833333333334,20.47
17.982,17.97
16.01172222222222,16.0
19.230888888888888,19.22
16.15238888888889,16.0
16.824722222222224,16.27
21.449333333333332,18.42
15.93277777777778,16.18
20.517777777777777,18.06
15.891333333333332,16.45
20.536375,17.7
15.794055555555556,16.45
16.092166666666667,16.09
18.21722222222222,17.52
17.05561111111111,16.81
16.13211111111111,16.0
17.813055555555554,21.46
17.841444444444445,17.52
17.48827777777778,17.43
15.833444444444446,16.54
17.635944444444444,17.7
18.00311111111111,16.54
19.33661111111111,21.9
15.848722222222221,16.0
17.05088888888889,16.99
20.091388888888886,22.26
17.706111111111113,17.7
16.38072222222222,16.63
17.925444444444445,17.97
17.644,17.61
16.10661111111111,16.09
19.205666666666666,19.85
16.177555555555557,16.0
19.59588888888889,17.16
16.200833333333335,16.09
16.917444444444445,16.99
21.489944444444447,21.46
18.01461111111111,17.97
18.749277777777777,21.72
15.883944444444445,16.36
16.24811111111111,16.18
18.319333333333333,18.77
15.950722222222222,16.09
16.141888888888886,16.18
17.432111111111112,20.56
18.1295,18.33
21.772166666666667,21.01
15.860166666666666,16.0
20.53861111111111,21.54
15.896666666666667,16.0
20.896055555555556,18.42
16.300722222222223,16.09
18.02411111111111,17.97
18.60677777777778,21.01
16.334166666666665,16.0
15.783111111111111,16.0
18.30972222222222,16.09
17.752222222222223,16.0
17.946,16.09
17.839777777777776,16.0
16.01172222222222,16.0
15.859833333333333,16.0
15.817777777777776,16.0
17.540777777777777,16.0
15.817833333333333,16.0
15.767722222222224,16.0
16.072777777777777,16.09
17.677722222222222,16.0
18.496222222222222,16.0
15.892555555555557,16.0
17.029444444444447,16.0
16.40938888888889,16.18
15.886055555555556,16.09
20.288055555555555,16.0
17.127944444444445,16.0
17.334999999999997,16.0
15.888166666666669,16.0
16.050333333333334,16.63
18.111777777777778,17.97
16.932055555555554,17.08
17.375222222222224,16.36
18.028055555555554,18.68
17.767555555555557,17.7
19.95461111111111,22.26
19.5675,18.06
17.849055555555555,17.61
15.907833333333334,16.0
21.48911111111111,19.94
17.57633333333333,18.33
16.608,18.42
17.925444444444445,17.61
15.894333333333334,16.0
17.290055555555554,17.43
17.620555555555555,17.7
21.390666666666664,21.19
15.899777777777778,16.09
19.441666666666666,20.56
15.950722222222222,16.0
17.33738888888889,17.7
16.080166666666667,16.09
17.50561111111111,17.61
20.215999999999998,20.92
17.562166666666666,17.7
21.607777777777777,18.59
15.863944444444444,16.0
18.27388888888889,16.99
17.237944444444445,17.08
16.258944444444445,16.09
17.729944444444445,17.61
15.966,16.0
17.381555555555554,17.16
17.09466666666667,16.9
17.758611111111108,17.52
15.900833333333331,16.0
17.38383333333333,16.54
16.633,18.86
17.712833333333336,17.7
19.680111111111113,19.94
15.771277777777776,16.99
19.757944444444448,19.85
20.795055555555553,19.67
18.212944444444446,16.99
17.627388888888888,17.88
17.193444444444445,17.25
16.231499999999997,16.0
16.109388888888887,16.54
17.874333333333333,17.7
16.731944444444444,17.61
17.512166666666666,17.7
16.187666666666665,16.9
21.6465,21.1
17.839833333333335,17.97
17.294888888888888,20.47
16.264111111111113,16.9
15.891888888888891,16.0
16.886333333333333,17.43
19.502388888888888,21.19
17.342666666666666,17.25
18.052277777777775,18.24
17.267555555555557,17.43
15.784944444444445,16.0
17.587666666666667,17.61
17.468555555555554,16.81
16.122833333333332,16.9
17.369333333333334,17.7
16.88438888888889,17.25
16.532444444444444,17.16
16.47377777777778,16.63
16.996388888888887,16.27
16.872,17.16
15.753888888888888,16.36
15.776055555555555,16.63
18.59433333333333,17.97
15.798944444444443,16.9
19.819499999999998,18.77
16.633,18.59
15.92261111111111,16.09
15.802888888888889,16.0
18.496722222222225,18.33
17.481055555555557,17.7
16.419722222222223,17.88
17.881722222222223,17.43
17.756222222222224,16.0
16.257277777777777,16.09
15.93861111111111,16.0
15.926555555555556,16.09
16.18272222222222,16.0
16.333055555555557,16.0
20.58588888888889,16.09
16.549277777777778,16.0
17.094222222222225,16.0
15.873166666666666,16.18
17.459833333333332,16.0
16.2695,16.09
18.184055555555556,16.0
20.593333333333334,16.09
17.531555555555556,16.0
21.696055555555557,16.0
16.96466666666667,16.0
17.56561111111111,16.0
17.829777777777778,16.0
18.17038888888889,16.0
15.810388888888887,16.36
16.136666666666667,17.25
17.547666666666668,17.7
21.857555555555553,21.1
18.616611111111112,18.06
18.081833333333336,17.97
17.554666666666666,17.79
17.826555555555554,17.7
15.939222222222222,16.09
18.820833333333333,19.22
17.67561111111111,17.97
16.0995,16.0
17.665388888888888,17.7
15.857888888888889,16.0
15.726833333333332,16.0
18.611555555555555,18.42
20.838277777777776,21.28
16.177555555555557,16.0
15.817555555555556,16.0
21.89938888888889,21.9
17.465833333333332,17.61
18.31088888888889,17.08
16.37466666666667,17.16
16.386944444444442,16.36
15.752333333333333,16.72
15.870777777777777,16.54
20.940555555555555,20.83
17.939666666666668,17.97
17.228666666666665,17.43
17.674999999999997,17.79
15.931388888888888,16.0
17.6785,17.61
16.03661111111111,16.09
15.8355,16.0
20.421499999999998,21.19
15.812555555555555,16.0
21.540944444444442,22.08
17.581611111111112,17.7
15.836222222222224,16.09
17.154777777777777,16.99
16.336333333333332,16.27
16.01788888888889,19.13
20.148944444444442,22.8
20.569888888888887,18.51
15.903388888888891,16.09
18.049,17.52
16.275055555555557,16.54
18.550944444444443,19.94
16.26261111111111,16.81
21.489944444444447,20.65
15.90511111111111,16.0
17.820666666666668,17.08
15.901111111111113,16.0
16.069055555555554,16.09
21.23483333333333,21.28
17.91422222222222,17.97
17.393722222222223,17.43
17.882444444444445,17.88
17.756333333333334,17.7
18.487777777777776,21.46
18.807000000000002,21.81
17.831055555555555,17.61
17.60861111111111,18.06
18.557166666666667,17.25
17.784222222222223,17.08
16.333055555555557,16.09
17.72972222222222,17.34
18.56238888888889,17.97
20.169444444444444,20.38
17.73122222222222,17.61
15.955166666666665,16.09
17.468277777777775,17.34
17.594,16.81
16.633,18.42
17.397222222222222,16.9
17.824666666666666,17.97
18.061833333333333,17.43
18.34261111111111,16.63
21.18038888888889,22.08
16.94988888888889,16.99
17.580444444444442,17.52
18.53633333333333,18.51
15.860000000000001,18.68
21.559,21.19
17.595555555555556,17.43
17.049333333333333,17.43
15.83088888888889,16.09
19.64677777777778,21.28
16.261388888888888,16.09
15.859833333333333,17.52
15.891888888888891,16.0
17.94938888888889,18.06
17.28472222222222,17.16
15.929777777777778,18.86
17.756222222222224,16.0
16.1755,16.27
17.293166666666664,16.0
21.54133333333333,16.0
20.922777777777778,16.0
17.39138888888889,16.0
16.063555555555556,16.0
15.874777777777776,16.0
17.73122222222222,16.54
17.484722222222224,16.09
15.695222222222222,16.0
15.86611111111111,16.0
15.884833333333335,16.0
17.840222222222224,16.0
15.782222222222222,16.09
17.655555555555555,16.0
17.907333333333334,16.0
15.743166666666667,16.0
17.447555555555553,16.0
17.832,16.09
20.212055555555555,16.99
16.860722222222222,17.25
20.741722222222222,21.28
21.48738888888889,22.35
17.511277777777778,16.72
18.212944444444446,17.25
17.826944444444443,17.34
17.11461111111111,16.09
17.012833333333333,16.18
17.154,16.0
16.053833333333333,16.0
21.70711111111111,16.0
15.885222222222223,16.0
21.966388888888886,16.09
17.528499999999998,16.0
19.339,16.0
17.025,16.0
20.019833333333334,16.09
17.29,16.0
17.640944444444443,16.0
16.109388888888887,16.0
15.873166666666666,16.0
17.965944444444446,16.09
15.802888888888889,16.0
19.201222222222224,16.09
17.03761111111111,16.27
17.395500000000002,16.54
21.821833333333334,21.46
15.865722222222225,16.0
17.658722222222224,17.61
20.723944444444445,18.33
16.839333333333332,17.16
16.263222222222222,16.0
19.0175,20.92
19.455277777777777,20.74
18.31877777777778,19.85
17.753277777777775,17.08
17.882722222222224,17.43
15.812055555555556,16.0
17.49888888888889,17.61
17.466055555555556,17.52
18.44783333333333,20.65
20.517777777777777,21.63
17.890444444444444,17.97
20.87038888888889,18.95
17.51038888888889,17.52
17.923777777777776,17.97
15.799944444444444,16.0
16.872,17.16
16.19322222222222,16.0
17.432111111111112,20.74
18.847277777777776,20.56
21.96816666666667,21.63
15.788888888888888,16.18
17.476833333333335,17.52
17.217444444444443,17.34
18.184055555555556,18.42
16.89888888888889,16.99
17.513166666666667,16.54
20.766555555555556,21.28
21.6685,21.54
16.11327777777778,16.63
17.540833333333335,16.9
17.20588888888889,18.24
17.224,17.52
16.699444444444445,16.63
16.187666666666665,16.63
15.733666666666668,16.0
18.386499999999998,17.16
20.180111111111113,19.94
17.924944444444446,17.79
15.773055555555556,16.0
20.849555555555558,20.29
17.074722222222224,16.27
17.241,16.99
19.441555555555553,21.99
